nctid,title,Study_Designs,Other_IDs,Locations,URL
NCT04452435,Safety and Efficacy of C21 in Subjects With COVID-19,"Allocation: Randomized|Intervention Model: Parallel Assignment|Masking: Triple (Participant, Care Provider, Investigator)|Primary Purpose: Treatment",VP-C21-006|2020-001502-38,"Department of Medicine, Civil Hospital and B J Medical College, Ahmadabad, Gujarat, India|Infectious Disease, Metas Adventist Hospital, Surat, Gujarat, India|Clinical Research Department, Basement, Unity Trauma Centre and ICU (Unity Hospital, Surat, Gujarat, India|First Floor Clinical Research Department Rhythm Heart Institute, Vadodara, Gujarat, India|Internal Medicine S.L. Raheja Hospital, Mumbai, Maharashtra, India|Department of Medicine, Government Medical College and Hospital, Nagpur, Maharashtra, India|Neuro Critical Care, Grant Medical Foundation Ruby Hall Clinic, Pune, Maharashtra, India|Department of Medicine, Noble Hospitals Pvt. Ltd, Pune, Maharashtra, India|Respiratory Medicine, University College Hospital, London, United Kingdom",https://ClinicalTrials.gov/show/NCT04452435
NCT04431908,Validation of a Rapid Quantitative Test for Loss of Smell in COVID-19 Subjects,Observational Model: Cohort|Time Perspective: Prospective,2000028259,"Yale New Haven Hospital, New Haven, Connecticut, United States",https://ClinicalTrials.gov/show/NCT04431908
NCT04716426,APT™ T3X on the COVID-19 Contamination Rate,"Allocation: Randomized|Intervention Model: Parallel Assignment|Masking: Quadruple (Participant, Care Provider, Investigator, Outcomes Assessor)|Primary Purpose: Prevention",4.485.847,"Santa Casa de Misericórdia de Porto Alegre, Porto Alegre, Rio Grande Do Sul, Brazil",https://ClinicalTrials.gov/show/NCT04716426
NCT04392141,Colchicine Plus Phenolic Monoterpenes to Treat COVID-19,"Allocation: Randomized|Intervention Model: Parallel Assignment|Masking: Double (Participant, Investigator)|Primary Purpose: Treatment",1399.062,"Medical Biology Research Center, Kermanshah University of Medical Sciences, Kermanshah, Iran, Kermanshah, Iran, Islamic Republic of",https://ClinicalTrials.gov/show/NCT04392141
NCT04474496,Impact of COVID-19 on Marshallese Communities in the U.S.,Observational Model: Other|Time Perspective: Cross-Sectional,261131,"University of Arkansas for Medical Sciences Northwest, Fayetteville, Arkansas, United States",https://ClinicalTrials.gov/show/NCT04474496
NCT04646109,Ivermectin for Severe COVID-19 Management,Allocation: Randomized|Intervention Model: Parallel Assignment|Masking: None (Open Label)|Primary Purpose: Treatment,IVMC_03,"Afyonkarahisar Health Science University, Afyonkarahisar, Turkey|Gulhane Faculty of Medicine, University of Health Sciences, Ankara, Turkey|Yıldırım Beyazıt University, Ankara City Hospital, Ankara, Turkey|Haydarpasa Sultan Abdulhamid Han Training and Research Hospital, İstanbul, Turkey",https://ClinicalTrials.gov/show/NCT04646109
NCT04542694,Study of Favipiravir Compared to Standard of Care in Hospitalized Patients With COVID-19,Allocation: Randomized|Intervention Model: Parallel Assignment|Masking: None (Open Label)|Primary Purpose: Treatment,FAV052020,"State Clinical Hospital №50, Moscow, Russian Federation|Regional Clinic Hospital of Ryazan, Ryazan', Russian Federation|City Hospital N40 of Kurortny District, Saint Petersburg, Russian Federation|Medical institute Ogarev Mordovia State university, Saransk, Russian Federation|Smolensk clinical hospital №1, Smolensk, Russian Federation",https://ClinicalTrials.gov/show/NCT04542694
NCT04401579,Adaptive COVID-19 Treatment Trial 2 (ACTT-2),"Allocation: Randomized|Intervention Model: Parallel Assignment|Masking: Double (Participant, Investigator)|Primary Purpose: Treatment",20-0006 ACTT-2,"University of Alabama at Birmingham School of Medicine - Infectious Disease, Birmingham, Alabama, United States|University of California San Diego Health - Jacobs Medical Center, La Jolla, California, United States|University of California Los Angeles Medical Center - Westwood Clinic, Los Angeles, California, United States|University of California Irvine Medical Center - Infectious Disease, Orange, California, United States|VA Palo Alto Health Care System - Infectious Diseases, Palo Alto, California, United States|Stanford University - Stanford Hospital and Clinics - Pediatrics - Infectious Diseases, Palo Alto, California, United States|University of California Davis Medical Center - Internal Medicine - Infectious Disease, Sacramento, California, United States|Naval Medical Center San Diego - Infectious Disease Clinic, San Diego, California, United States|University of California San Francisco - Zuckerberg San Francisco General Hospital - Division of Human Immunodeficiency Virus, Infectious Disease, and Global Medicine, San Francisco, California, United States|Cedars Sinai Medical Center, West Hollywood, California, United States|Eastern Colorado Health Care System, Aurora, Colorado, United States|Denver Health Division of Hospital Medicine - Main Campus, Denver, Colorado, United States|Georgetown University Medical Center - Division of Infectious Diseases, Washington, District of Columbia, United States|University of Florida Health - Shands Hospital - Division of Infectious Diseases and Global Medicine, Gainesville, Florida, United States|University of Miami Miller School of Medicine - Infectious Diseases, Miami, Florida, United States|Emory Vaccine Center - The Hope Clinic, Decatur, Georgia, United States|Atlanta VA Medical Center - Infectious Diseases Clinic, Decatur, Georgia, United States|Northwestern Hospital - Infectious Disease, Chicago, Illinois, United States|University of Illinois at Chicago College of Medicine - Division of Infectious Diseases, Chicago, Illinois, United States|Indiana University School of Medicine - Infectious Diseases, Indianapolis, Indiana, United States|Ochsner Medical Center - Kenner - Department of Infectious Diseases, Kenner, Louisiana, United States|Southeast Louisiana Veterans Health Care System (SLVHCS) - Section of Infectious Diseases, New Orleans, Louisiana, United States|University of Maryland School of Medicine - Center for Vaccine Development - Baltimore, Baltimore, Maryland, United States|Johns Hopkins Hospital - Medicine - Infectious Diseases, Baltimore, Maryland, United States|Walter Reed National Military Medical Center, Bethesda, Maryland, United States|National Institutes of Health - Clinical Center, National Institute of Allergy and Infectious Diseases Laboratory Of Immunoregulation, Clinical Research Section, Bethesda, Maryland, United States|Massachusetts General Hospital - Infectious Diseases, Boston, Massachusetts, United States|University of Massachusetts Medical School - Infectious Diseases and Immunology, Worcester, Massachusetts, United States|University of Minnesota Medical Center, Fairview - Infectious Diseases and International Medicine, Minneapolis, Minnesota, United States|Saint Louis University - Center for Vaccine Development, Saint Louis, Missouri, United States|University of Nebraska Medical Center - Infectious Diseases, Omaha, Nebraska, United States|University of New Mexico Clinical and Translational Science Center, Albuquerque, New Mexico, United States|Montefiore Medical Center - Infectious Diseases, Bronx, New York, United States|New York University School of Medicine - Langone Medical Center - Microbiology - Parasitology, New York, New York, United States|University of Rochester Medical Center - Vaccine Research Unit, Rochester, New York, United States|Duke Human Vaccine Institute - Duke Vaccine and Trials Unit, Durham, North Carolina, United States|Womack Army Medical Center - Pulmonary and Respiratory Services, Fort Bragg, North Carolina, United States|Kaiser Permanente Northwest - Center for Health Research, Portland, Oregon, United States|Penn State Health Milton S. Hershey Medical Center - Division of Infectious Diseases, Hershey, Pennsylvania, United States|University of Pennsylvania Perelman School of Medicine - Penn Institute for Immunology, Philadelphia, Pennsylvania, United States|Vanderbilt University Medical Center - Infectious Diseases, Nashville, Tennessee, United States|Baylor Scott & White Health - Baylor University Medical Center - North Texas Infectious Disease Consultants, Dallas, Texas, United States|University of Texas Southwestern Medical Center - Internal Medicine - Infectious Diseases, Dallas, Texas, United States|Brooke Army Medical Center, Fort Sam Houston, Texas, United States|University of Texas Medical Branch - Division of Infectious Disease, Galveston, Texas, United States|Baylor College of Medicine - Molecular Virology and Microbiology, Houston, Texas, United States|University of Texas Health Science Center at San Antonio - Infectious Diseases, San Antonio, Texas, United States|University of Utah - Infectious Diseases, Salt Lake City, Utah, United States|University of Virginia - Acute Care Surgery, Charlottesville, Virginia, United States|Naval Medical Center Portsmouth - Infectious Disease Division, Portsmouth, Virginia, United States|EvergreenHealth Infectious Disease Service, Kirkland, Washington, United States|Providence Sacred Heart Medical Center, Spokane, Washington, United States|Madigan Army Medical Center - Infectious Disease Clinic, Tacoma, Washington, United States|University of Copenhagen - Centre of Excellence for Health, Immunity and Infections (CHIP) - Department of Infectious Diseases, Copenhagen, Denmark|National Center for Global Health and Medicine Hospital - Disease Control and Prevention Center, Tokyo, Japan|Seoul National University Bundang Hospital - Division of Infectious Diseases, Bundang-gu Seongnam-si, Korea, Republic of|Seoul National University Hospital, Seoul, Korea, Republic of|Instituto Nacional de Ciencias Medicas y Nutrición Salvador Zubirán - Departamento de Infectologia, Mexico City, Mexico|Instituto Nacional de Enfermedades Respiratorias (INER) - Ismael Cosío Villegas, Mexico City, Mexico|National University Health System - Division of Infectious Diseases, Singapore, Singapore|National Centre for Infectious Diseases (NCID), Singapore, Singapore|Changi General Hospital - Clinical Trials and Research Unit (CTRU), Singapore, Singapore|Ng Teng Fong General Hospital - Infectious Disease Service, Singapore, Singapore|Hospital Clinic Barcelona, Servicio de Salud Internacional, Barcelona, Cataluña, Spain|Hospital Germans Trias i Pujol - Servei Malalties Infeccioses, Barcelona, Cataluña, Spain|Hospital Clinico San Carlos - Enfermedades Infecciosas, Madrid, Spain|Royal Sussex County Hospital - Department of Intensive Care Medicine, Brighton, United Kingdom|Saint Thomas' Hospital - Directorate of Infection, City Of London, United Kingdom|St. James's University Hospital - Infectious Diseases, Leeds, United Kingdom|Royal Victoria Infirmary - Department of Infectious Diseases, Newcastle Upon Tyne, United Kingdom|John Radcliffe Hospital, Oxford, United Kingdom",https://ClinicalTrials.gov/show/NCT04401579
NCT04280705,Adaptive COVID-19 Treatment Trial (ACTT),"Allocation: Randomized|Intervention Model: Parallel Assignment|Masking: Double (Participant, Investigator)|Primary Purpose: Treatment",20-0006,"University of Alabama at Birmingham School of Medicine - Infectious Disease, Birmingham, Alabama, United States|University of California San Diego Health - Jacobs Medical Center, La Jolla, California, United States|University of California Los Angeles Medical Center - Westwood Clinic, Los Angeles, California, United States|University of California Irvine Medical Center - Infectious Disease, Orange, California, United States|VA Palo Alto Health Care System - Infectious Diseases, Palo Alto, California, United States|Stanford University - Stanford Hospital and Clinics - Pediatrics - Infectious Diseases, Palo Alto, California, United States|University of California Davis Medical Center - Internal Medicine - Infectious Disease, Sacramento, California, United States|Naval Medical Center San Diego - Infectious Disease Clinic, San Diego, California, United States|University of California San Francisco - Zuckerberg San Francisco General Hospital - Division of Human Immunodeficiency Virus, Infectious Disease, and Global Medicine, San Francisco, California, United States|Cedars Sinai Medical Center, West Hollywood, California, United States|Denver Health Division of Hospital Medicine - Main Campus, Denver, Colorado, United States|Emory Vaccine Center - The Hope Clinic, Decatur, Georgia, United States|Northwestern Hospital - Infectious Disease, Chicago, Illinois, United States|University of Illinois at Chicago College of Medicine - Division of Infectious Diseases, Chicago, Illinois, United States|Southeast Louisiana Veterans Health Care System (SLVHCS) - Section of Infectious Diseases, New Orleans, Louisiana, United States|University of Maryland School of Medicine - Center for Vaccine Development - Baltimore, Annapolis, Maryland, United States|Johns Hopkins Hospital - Medicine - Infectious Diseases, Baltimore, Maryland, United States|Walter Reed National Military Medical Center, Bethesda, Maryland, United States|National Institutes of Health - Clinical Center, National Institute of Allergy and Infectious Diseases Laboratory Of Immunoregulation, Clinical Research Section, Bethesda, Maryland, United States|Massachusetts General Hospital - Infectious Diseases, Boston, Massachusetts, United States|University of Massachusetts Medical School - Infectious Diseases and Immunology, Worcester, Massachusetts, United States|University of Minnesota Medical Center, Fairview - Infectious Diseases and International Medicine, Minneapolis, Minnesota, United States|Saint Louis University - Center for Vaccine Development, Saint Louis, Missouri, United States|University of Nebraska Medical Center - Infectious Diseases, Omaha, Nebraska, United States|Montefiore Medical Center - Infectious Diseases, Bronx, New York, United States|New York University School of Medicine - Langone Medical Center - Microbiology - Parasitology, New York, New York, United States|University of Rochester Medical Center - Vaccine Research Unit, Rochester, New York, United States|Duke Human Vaccine Institute - Duke Vaccine and Trials Unit, Durham, North Carolina, United States|Penn State Health Milton S. Hershey Medical Center - Division of Infectious Diseases, Hershey, Pennsylvania, United States|Hospital of the University of Pennsylvania - Infectious Diseases, Philadelphia, Pennsylvania, United States|Vanderbilt University Medical Center - Infectious Diseases, Nashville, Tennessee, United States|Brooke Army Medical Center, Fort Sam Houston, Texas, United States|University of Texas Medical Branch - Division of Infectious Disease, Galveston, Texas, United States|Baylor College of Medicine - Molecular Virology and Microbiology, Houston, Texas, United States|University of Texas Health Science Center at San Antonio - Infectious Diseases, San Antonio, Texas, United States|University of Virginia - Acute Care Surgery, Charlottesville, Virginia, United States|Naval Medical Center Portsmouth - Infectious Disease Division, Portsmouth, Virginia, United States|EvergreenHealth Infectious Disease Service, Kirkland, Washington, United States|The University of Washington - Virology Research Clinic, Seattle, Washington, United States|Providence Sacred Heart Medical Center, Spokane, Washington, United States|Madigan Army Medical Center - Infectious Disease Clinic, Tacoma, Washington, United States|University of Copenhagen - Centre of Excellence for Health, Immunity and Infections (CHIP) - Department of Infectious Diseases, Copenhagen, Denmark|Universitatsklinikum Bonn, Medizinische Klinik I - Bereich Infektiologie/HIV der Medizinischen Klinik, Bonn, Nordrhein-Westfalen, Germany|Universitatsklinikum Koeln Klinik I fur Innere Medizin Klinisches Studienzentrum fur Infektiologie I, Cologne, Germany|Universitätsklinikum Frankfurt -Medizinische Klinik II - Infektiologie, Frankfurt, Germany|AHEPA University Hospital - 1st Department of Internal Medicine, Thessaloniki, Central Macedonia, Greece|Medical School of Athens University - Evangelismos Hospital - Department of Critical Care and Pulmonary Services, Athens, Greece|National Center for Global Health and Medicine Hospital - Disease Control and Prevention Center, Tokyo, Japan|Seoul National University Bundang Hospital - Division of Infectious Diseases, Bundang-gu Seongnam-si, Gyeonggi-do, Korea, Republic of|Seoul National University Hospital, Seoul, Jongno-gu, Korea, Republic of|Instituto Nacional de Ciencias Medicas y Nutrición Salvador Zubirán - Departamento de Infectologia, Mexico City, Mexico|Instituto Nacional de Enfermedades Respiratorias (INER) - Ismael Cosío Villegas, Mexico City, Mexico|National Centre for Infectious Diseases (NCID), Singapore, Singapore|Hospital Clinic Barcelona, Servicio de Salud Internacional, Barcelona, Cataluña, Spain|Hospital Germans Trias i Pujol - Servei Malalties Infeccioses, Barcelona, Cataluña, Spain|Royal Sussex County Hospital - Department of Intensive Care Medicine, East Sussex, Brighton, United Kingdom|Saint Thomas' Hospital - Directorate of Infection, London, London, City Of, United Kingdom|Royal Victoria Infirmary - Department of Infectious Diseases, Level 6, Ward 19, Newcastle Upon Tyne, United Kingdom|St. James's University Hospital - Infectious Diseases, Leeds, West Yorkshire, United Kingdom|John Radcliffe Hospital, Headington, Oxford, United Kingdom",https://ClinicalTrials.gov/show/NCT04280705
NCT04332081,Hyperbaric Oxygen for COVID-19 Patients,Allocation: Non-Randomized|Intervention Model: Single Group Assignment|Masking: None (Open Label)|Primary Purpose: Treatment,20-00399,"NYU Winthrop Hospital, Mineola, New York, United States",https://ClinicalTrials.gov/show/NCT04332081
NCT04329923,The PATCH Trial (Prevention And Treatment of COVID-19 With Hydroxychloroquine),"Allocation: Randomized|Intervention Model: Parallel Assignment|Masking: Triple (Participant, Care Provider, Investigator)|Primary Purpose: Treatment",842838,"University of Pennsylvania, Philadelphia, Pennsylvania, United States",https://ClinicalTrials.gov/show/NCT04329923
NCT04410159,Povidone-Iodine Vs Essential Oil Vs Tap Water Gargling For COVID-19 Patients,Allocation: Randomized|Intervention Model: Parallel Assignment|Masking: None (Open Label)|Primary Purpose: Treatment,USIMalaysia,"Universiti Kebangsaan Malaysia Medical Centre, Bandar Tun Razak, Wilayah Persekutuan Kuala Lumpur, Malaysia",https://ClinicalTrials.gov/show/NCT04410159
NCT04335136,Recombinant Human Angiotensin-converting Enzyme 2 (rhACE2) as a Treatment for Patients With COVID-19,"Allocation: Randomized|Intervention Model: Parallel Assignment|Masking: Double (Participant, Investigator)|Primary Purpose: Treatment",APN01-01-COVID19,"Medizinische Universität Innsbruck, Innsbruck, Austria|Kaiser Franz Josef Spital, 4. Medizinische Abteilung mit Infektions- und Tropenmedizin, Wien, Austria|Medizinische Universität Wien, Wien, Austria|The National University Hospital, Rigshospitalet, Copenhagen, Denmark|Herlev Gentofte Hospital, Herlev, Denmark|Nordsjællands Hospital, Hillerød, Denmark|Hvidovre Hospital, Hvidovre, Denmark|Universitätsklinikum Hamburg-Eppendorf, Hamburg, Germany|Klinikum rechts der Isar, Technische Universität München, München, Germany|Regional State Budgetary Educational Institution ""Clinical Hospital № 5, Barnaul"", Barnaul, Russian Federation|State Healthcare Institution ""State Clinical Hspital № 15 named after O.M. Filatov"", Moscow, Russian Federation|Moscow State Budgetary Healthcare Institution ""City Clinical Hospital №52 of Health Department of Moscow"", Moscow, Russian Federation|Moscow State Budgetary Healthcare Institution ""N.V. Sklifosovsky Research Institute for Emergency Medicine of Health Department of Moscow"", Moscow, Russian Federation|Saint Petersburg SBHI City Hospital 38 named after N A Semashko, Pushkin, Russian Federation|Federal State Budgetary Educational Institution of Higher Education ""Ryazan State Medical University named after I.P. Pavlov"" HD RF, Ryazan, Russian Federation|Alexandrovskaya Hospital, Saint-Petersburg, Russian Federation|Saint-Petersburg State Budget Healthcare Institution City Hospital 15, Saint-Petersburg, Russian Federation|Federal State Budgetary Educational Institution of Higher Education "" Saratov State Medical University named after V.I. Razumovsky"" HD RF, Saratov, Russian Federation|Regional State Budgetary Healthcare Institution ""Clinical Hospital №1"", Smolensk, Russian Federation|State budgetary institution of Healthcare of Tver region ""Regional clinical hospital"", Tver, Russian Federation|Yaroslavl Regional Clinical Hospital for Military Veterans - International Centre for Gerontological Problems ""Healthy Ageing"", Yaroslavl, Russian Federation|Cambridge University Hospitals NHS Trust/University of Cambridge, Cambridge, United Kingdom",https://ClinicalTrials.gov/show/NCT04335136
NCT04331366,Bidirectional Oxygenation Valve in the Management of Pulmonary Complications of COVID-19,Allocation: N/A|Intervention Model: Single Group Assignment|Masking: None (Open Label)|Primary Purpose: Supportive Care,STUDY00000381,"Emory University Hospital, Atlanta, Georgia, United States|Emory St. Joseph's Hospital, Atlanta, Georgia, United States",https://ClinicalTrials.gov/show/NCT04331366
NCT04331899,Single-Blind Study of a Single Dose of Peginterferon Lambda-1a Compared With Placebo in Outpatients With Mild COVID-19,Allocation: Randomized|Intervention Model: Parallel Assignment|Masking: Single (Participant)|Primary Purpose: Treatment,55619,"Stanford University School of Medicine, Stanford, California, United States",https://ClinicalTrials.gov/show/NCT04331899
NCT04292899,Study to Evaluate the Safety and Antiviral Activity of Remdesivir (GS-5734™) in Participants With Severe Coronavirus Disease (COVID-19),Allocation: Randomized|Intervention Model: Parallel Assignment|Masking: None (Open Label)|Primary Purpose: Treatment,GS-US-540-5773|2020-000841-15|ISRCTN15874265,"Kaiser Permanente Los Angeles Medical Center, 3340 E. La Palma Avenue, Anaheim, California, United States|Alta Bates Summit Medical Center, Berkeley, California, United States|Mills-Peninsula Medical Center, Burlingame, California, United States|Eden Medical Center, Castro Valley, California, United States|Kaiser Permanente Los Angeles Medical Center, 9333 Imperial Highway, Downey, California, United States|Kaiser Permanente Los Angeles Medical Center, 9961 Sierra Ave, Fontana, California, United States|St Joseph Hospital Eureka, Fortuna, California, United States|Kaiser Permanente Los Angeles Medical Center, 25825 S. Vermont Ave., Harbor City, California, United States|Kaiser Permanente Los Angeles Medical Center, Los Angeles, California, United States|Kaiser Permanente Los Angeles Medical Center, 6041 Cadillac Ave., Los Angeles, California, United States|Kaiser Permanente Los Angeles Medical Center, 5601 De Soto Avenue, Los Angeles, California, United States|Mission Hospital Regional Medical Center, Mission Viejo, California, United States|Kaiser Permanente Los Angeles Medical Center, 27300 Iris Avenue, Moreno Valley, California, United States|El Camino Hospital, Mountain View, California, United States|Hoag Memorial Hospital Presbyterian, Newport Beach, California, United States|Kaiser Permanente Oakland Medical Center, Oakland, California, United States|Kaiser Permanente Los Angeles Medical Center, 2295 S. Vineyard Avenue, Ontario, California, United States|The Center for Cancer Prevention and Treatment at St. Joseph Hospital of Orange, Orange, California, United States|Kaiser Permanente Los Angeles Medical Center, 13651 Willard Street, Panorama City, California, United States|Kaiser Permanente Los Angeles Medical Center, 10800 Magnolia Avenue, Riverside, California, United States|Sutter Medical Center Sacramento, One Medical Plaza, Roseville, California, United States|Sutter Medical Center Sacramento, Sacramento, California, United States|Kaiser Permanente Los Angeles Medical Center, 4647 Zion Avenue, San Diego, California, United States|Kaiser Permanente Los Angeles Medical Center, 9455 Clairemont Mesa Blvd, San Diego, California, United States|Kaiser Permanente Oakland Medical Center, 1200 El Camino Real, San Francisco, California, United States|California Pacific Medical Center-Infectious Disease Associates Medical Group, San Francisco, California, United States|Kaiser Permanente Oakland Medical Center, 2425 Geary Blvd, San Francisco, California, United States|Kaiser Permanente Oakland Medical Center, 250 Hospital Parkway, Suite 850, San Jose, California, United States|Kaiser Permanente Oakland Medical Center, 2500 Merced St, San Leandro, California, United States|Kaiser Permanente Oakland Medical Center, 700 Lawrence Expressway, Santa Clara, California, United States|Providence St. Johns Medical Center, Santa Monica, California, United States|Sutter Santa Rosa Regional Hospital, Santa Rosa, California, United States|Stanford Hospital, Stanford, California, United States|University of Colorado Denver, University of Colorado Hospital, Aurora, Colorado, United States|SCL Health St. Joseph Hospital, 1375 East 19th Ave, Denver, Colorado, United States|SCL Health St. Joseph Hospital, Denver, Colorado, United States|Rose Medical Center, Denver, Colorado, United States|SCL Health St. Joseph Hospital, 200 Exempla Circle., Lafayette, Colorado, United States|Yale-New Haven Hospital, New Haven, Connecticut, United States|Kaiser Permanente Hawaii Moanalua Medical Center, Honolulu, Hawaii, United States|John H. Stroger Jr. Hospital of Cook County, Chicago, Illinois, United States|Rush University Medical Center, Chicago, Illinois, United States|University of Chicago, Chicago, Illinois, United States|IU Health Methodist Hospital, Indianapolis, Indiana, United States|University of Iowa Hospitals & Clinics, Iowa City, Iowa, United States|Tulane University, New Orleans, Louisiana, United States|Maine Medical Center, Portland, Maine, United States|Holy Cross Hospital, Silver Spring, Maryland, United States|Tufts Medical Center, Boston, Massachusetts, United States|Brigham & Women's Hospital and Harvard Medical School, Boston, Massachusetts, United States|Beth Israel Deaconess Medical Center, Boston, Massachusetts, United States|The University of Michigan Hospitals and Health Systems, Ann Arbor, Michigan, United States|Henry Ford Health System, Detroit, Michigan, United States|Hennepin Healthcare, Minneapolis, Minnesota, United States|Mayo Clinic, Rochester, Minnesota, United States|Providence St Patrick Hospital and International Heart Institute of MT Foundation, Missoula, Montana, United States|Darmouth-Hitchhock Medical Center, Lebanon, New Hampshire, United States|Hackensack University Medical Center, Hackensack, New Jersey, United States|Robert Wood Johnson University Hospital Somerset, Hillsborough, New Jersey, United States|Robert Wood Johnson University Hospital Somerset, 1 RWJ Place, New Brunswick, New Jersey, United States|Robert Wood Johnson University Hospital Somerset, 201 Lyons Avenue, Newark, New Jersey, United States|St. Joseph's University Medical Center, Paterson, New Jersey, United States|Jacobi Medical Center, Bronx, New York, United States|James J. Peters Veterans Administration Medical Center, Bronx, New York, United States|Jamaica Hospital Medical Center, Jamaica, New York, United States|Danbury Hospital, Lagrangeville, New York, United States|North Shore University Hospital, Manhasset, New York, United States|North Shore University Hospital, 270-05 76th Ave, New Hyde Park, New York, United States|Icahn School of Medicine at Mount Sinai, 350 East 17th Street, New York, New York, United States|Icahn School of Medicine at Mount Sinai, 1000 10th Avenue, New York, New York, United States|Icahn School of Medicine at Mount Sinai, 440 West 114th St., New York, New York, United States|Icahn School of Medicine at Mount Sinai, New York, New York, United States|Columbia University Medical Center-New York Presbyterian Hospital, New York, New York, United States|New York Presbyterian Hospital/Weill Cornell Medical Center, New York, New York, United States|Duke University Medical Center, Durham, North Carolina, United States|University Hospitals Cleveland Medical Center, Cleveland, Ohio, United States|Kaiser Sunnyside Medical Center, 2875 NW Stucki Ave, Hillsboro, Oregon, United States|Providence Portland Medical Center, Portland, Oregon, United States|Providence St. Vincent Medical Center, Portland, Oregon, United States|Kaiser Sunnyside Medical Center, Portland, Oregon, United States|Hospital of the University of Pennsylvania, 51 N. 31st Street, Philadelphia, Pennsylvania, United States|Hospital of the University of Pennsylvania, Philadelphia, Pennsylvania, United States|Temple University Hospital, Philadelphia, Pennsylvania, United States|The Miriam Hospital, Providence, Rhode Island, United States|Prisma Health Richland Hospital, Columbia, South Carolina, United States|Prisma Health Richland Hospital, 701 Grove Road, Greenville, South Carolina, United States|The Liver Institute of Methodist Dallas Medical Center, Dallas, Texas, United States|UT Southwestern Medical Center Amelia Court, HIV Research Clinic, Dallas, Texas, United States|Baylor University Medical Center, Dallas, Texas, United States|UT Southwestern Medical Center Amelia Court, HIV Research Clinic, 5201 Harry Hines Blvd., Dallas, Texas, United States|UT Southwestern Medical Center Amelia Court, HIV Research Clinic, 6201 Harry Hines Blvd, Dallas, Texas, United States|Baylor University Medical Center, 1400 8th Ave, Fort Worth, Texas, United States|Houston Methodist Hospital, Houston, Texas, United States|Baylor University Medical Center, 2401 S. 31st St., Temple, Texas, United States|University of Utah Health, Salt Lake City, Utah, United States|Virginia Hospital Center, Arlington, Virginia, United States|Inova Fairfax Medical Campus, Falls Church, Virginia, United States|VCU Health Medical Center, Richmond, Virginia, United States|Providence Regional Medical Center Everett, Everett, Washington, United States|Kadlec Regional Medical Center, Kennewick, Washington, United States|Providence St. Peter Hospital, Olympia, Washington, United States|Virginia Mason Medical Center, Seattle, Washington, United States|Swedish Center for Comprehensive Care, Seattle, Washington, United States|MultiCare Deaconess Hospital, Spokane, Washington, United States|MultiCare Tacoma General Hospital, Tacoma, Washington, United States|St Joseph Medical Center, Tacoma, Washington, United States|The First Affiliated Hospital of Guangzhou Medical University, Guangzhou, China|CHU Pellegrin, Bordeaux, France|CHU de Montpellier-Hopital Gui de Chauliac, Montpelier Cedex 5, France|CHU de Nantes-Hotel Dieu, Nantes, France|Hopital Saint-Louis, Paris, France|Hopital Saint Antoine, Paris, France|Charite Universitatsmedizin Berlin, Campus Virchow-Klinikum, Medizinische Klinik Infektiologie Pneumologie, Berlin, Germany|Universitatsklinikum Dusseldorf, Klinik fur Gastroenterologie, Hepatologie und Infektiologie, Düsseldorf, Germany|Universitatsklinikum Hamburg-Eppendorf, Hamburg, Germany|Universitätsklinikum Schleswig-Holstein Campus Kiel, Kiel, Germany|Klinikum St. Georg gGmbH Klinik fur Infektiologie, Tropenmedizin, Nephrologie und Rheumatologie, Leipzig, Germany|Klinikum rechts der Isar der TU Munchen, Klinik und Poliklinik Innere Medizin 2, Munich, Germany|Klinik für Hämatologie, Onkologie, Immunologie, München, Germany|Robert-Bosch-Krankenhaus (RBK), Klinik Schillerhohe (KSH) und Dr. Margarete Fischer-Bosch-Institut fur klinische Pharmakologie (IKP), Stuttgart, Germany|Prince of Wales Hospital, Hong Kong, Hong Kong|Princess Margaret Hospital, Hong Kong, Hong Kong|Queen Mary Hospital, Hong Kong, Hong Kong|UOC Malattie Infettive, ASST Papa Giovanni XXIII, Bergamo, Italy|ASST degli Spedali Civili di Brescia, Brescia, Italy|ASST di Cremona - Azienda Socio Sanitaria Territor, Cremona, Italy|UOC Malattie Infettive, IRCCS Ospedale San Raffaele, Milano, Italy|Dipartimento di Malattie Infettive, Malattie Infettive I- Malattie Infettive III, AssT Fatebenefratelli Sacco Ospedale Luigi Sacco, Milano, Italy|UO Malattie Infettive, Fondazione IRCCS Ca' Granda Ospedale Maggiore Policlinico, Milan, Italy|UOC Medicina Di Laboratorio, Azienda Ospedaliera di Padova, Padova PD, Italy|Azienda Ospedaliero Universitaria di Parma, Parma, Italy|UOC Malattie Infettive I, Fondazione IRCCS Policlinio San Matteo, Pavia, Italy|Ospedale Guglielmo da Saliceto AUSL di Piacenza, Piacenza, Italy|UOC Malattie Infettive ad Alta Intensita di Cure, Istituto Nazionale Malattie Infettive Lazzaro Spallanzani I.R.C.C.S., Roma, Italy|Clinica Universitaria Malattie Infettive, Ospedale Amedeo di Savoia, Torino, Italy|Yokohama Municipal Citizen's Hospital, Kanagawa, Japan|Nagoya City East Medical Center, Nagoya, Japan|Tokyo Metropolitan Bokutoh Hospital, Tokyo, Japan|Kyungpook National University Hospital, Daegu, Korea, Republic of|Seoul Medical Center, Seoul, Korea, Republic of|National Medical Center, Seoul, Korea, Republic of|Amsterdam University Medical Centre - Location AMC, Amsterdam, Netherlands|Leiden University Medical Center, Leiden, Netherlands|Erasmus Medical Centre, Rotterdam, Netherlands|National University Hospital, Singapore, Singapore|Singapore General Hospital, Singapore, Singapore|National Centre for Infectious Diseases, Tan Tock Seng Hospital, Singapore, Singapore|Hospital Principe de Asturias, Alcalá De Henares, Madrid, Spain|Complejo Hospitalario Universitario A Coruña, A Coruña, Spain|Hospital Universitari Vall d'Hebron, Barcelona, Spain|Hospital Universitari de Bellvitge, Barcelona, Spain|Hospital Clinic de Barcelona, Barcelona, Spain|Hospital Universitario Cruces, Bizkaia, Spain|Hospital Universitario Ramón y Cajal, Madrid, Spain|Hospital Universitario Fundación Jiménez Díaz, Madrid, Spain|Hospital Universitario 12 de Octubre, Madrid, Spain|Hospital Universitario La Paz, Madrid, Spain|Hospital Regional Universitario de Málaga, Málaga, Spain|Hospital Universitario Virgen del Rocio, Sevilla, Spain|Sahlgrenska University Hospital, Ostra, Gothenburg, Sweden|SUS (Skanes University Hospital), Malmo, Sweden|Karolinska University Hospital, Stockholm, Sweden|Hopitaux Universitaires de Genève, Genève 14, Switzerland|Ospedale Regionale di Locarno La Carità, Lugano, Switzerland|Universitätsspital Zürich, Zürich, Switzerland|Kaohsiung Veterans General Hospital, Kaohsiung, Taiwan|China Medical University Hospital, Taichung, Taiwan|National Taiwan University Hospital, Taipei City, Taiwan|Imperial College Healthcare NHS Trust, London, Greater London, United Kingdom|Royal Infirmary of Edinburgh, Edinburgh, United Kingdom|Queen Elizabeth University Hospital, Glasgow, United Kingdom|Hull University Teaching Hospitals NHS Trust, Hull, United Kingdom|Royal Lancaster Hospital, Lancaster, United Kingdom|Liverpool University Hospital, Liverpool, United Kingdom|Northwick Park Hospital, London, United Kingdom|Royal Free London NHS Foundation Trust, London, United Kingdom|King's College Hospital NHS Trust, London, United Kingdom|University College London, London, United Kingdom|Manchester University NHS Foundation Trust, Manchester, United Kingdom|Manchester University NHS Foundation Trust, Manchester, United Kingdom|Pennine Acute Hospitals NHS Trust, Manchester, United Kingdom|Derriford Hospital, Plymouth, United Kingdom|Sheffield Teaching Hospitals, Sheffield, United Kingdom",https://ClinicalTrials.gov/show/NCT04292899
NCT04292730,Study to Evaluate the Safety and Antiviral Activity of Remdesivir (GS-5734™) in Participants With Moderate Coronavirus Disease (COVID-19) Compared to Standard of Care Treatment,Allocation: Randomized|Intervention Model: Parallel Assignment|Masking: None (Open Label)|Primary Purpose: Treatment,GS-US-540-5774|2020-000842-32|ISRCTN85762140,"Kaiser Permanente Los Angeles Medical Center, 3340 E. La Palma Avenue, Anaheim, California, United States|Alta Bates Summit Medical Center, Berkeley, California, United States|Mills-Peninsula Medical Center, Burlingame, California, United States|Eden Medical Center, Castro Valley, California, United States|Kaiser Permanente Los Angeles Medical Center, 9333 Imperial Highway, Downey, California, United States|Kaiser Permanente Los Angeles Medical Center, 9961 Sierra Ave, Fontana, California, United States|St Joseph Hospital Eureka, Fortuna, California, United States|Kaiser Permanente Los Angeles Medical Center, 25825 S. Vermont Ave., Harbor City, California, United States|Kaiser Permanente Los Angeles Medical Center, Los Angeles, California, United States|Kaiser Permanente Los Angeles Medical Center, 6041 Cadillac Ave., Los Angeles, California, United States|Kaiser Permanente Los Angeles Medical Center, 5601 De Soto Avenue, Los Angeles, California, United States|Mission Hospital Regional Medical Center, Mission Viejo, California, United States|Kaiser Permanente Los Angeles Medical Center,27300 Iris Avenue, Moreno Valley, California, United States|El Camino Hospital, Mountain View, California, United States|Hoag Memorial Hospital Presbyterian, Newport Beach, California, United States|Kaiser Permanente Oakland Medical Center, Oakland, California, United States|Kaiser Permanente Los Angeles Medical Center, 2295 S. Vineyard Avenue, Ontario, California, United States|The Center for Cancer Prevention and Treatment at St. Joseph Hospital of Orange, Orange, California, United States|Kaiser Permanente Los Angeles Medical Center,13651 Willard Street, Panorama City, California, United States|Kaiser Permanente Los Angeles Medical Center, 10800 Magnolia Avenue, Riverside, California, United States|Sutter Medical Center Sacramento, One Medical Plaza, Roseville, California, United States|Sutter Medical Center Sacramento, Sacramento, California, United States|Kaiser Permanente Los Angeles Medical Center, 4647 Zion Avenue, San Diego, California, United States|Kaiser Permanente Los Angeles Medical Center, 9455 Clairemont Mesa Blvd, San Diego, California, United States|Kaiser Permanente Oakland Medical Center, 1200 El Camino Real, San Francisco, California, United States|California Pacific Medical Center-Infectious Disease Associates Medical Group, San Francisco, California, United States|Kaiser Permanente Oakland Medical Center, 2425 Geary Blvd, San Francisco, California, United States|Kaiser Permanente Oakland Medical Center, 250 Hospital Parkway, Suite 850, San Jose, California, United States|Kaiser Permanente Oakland Medical Center, 2500 Merced St, San Leandro, California, United States|Kaiser Permanente Oakland Medical Center, 700 Lawrence Expressway, Santa Clara, California, United States|Providence St. Johns Medical Center, Santa Monica, California, United States|Sutter Santa Rosa Regional Hospital, Santa Rosa, California, United States|Stanford Hospital, Stanford, California, United States|University of Colorado Denver, University of Colorado Hospital, Aurora, Colorado, United States|SCL Health St. Joseph Hospital, 1375 East 19th Ave, Denver, Colorado, United States|SCL Health St. Joseph Hospital, Denver, Colorado, United States|Rose Medical Center, Denver, Colorado, United States|SCL Health St. Joseph Hospital, 200 Exempla Circle., Lafayette, Colorado, United States|Yale University, New Haven, Connecticut, United States|Kaiser Permanente Hawaii Moanalua Medical Center, Honolulu, Hawaii, United States|Cook County General Hospital, Chicago, Illinois, United States|Rush University Medical Center, Chicago, Illinois, United States|University of Chicago, Chicago, Illinois, United States|IU Health Methodist Hospital, Indianapolis, Indiana, United States|University of Iowa Hospitals & Clinics, Iowa City, Iowa, United States|Tulane University, New Orleans, Louisiana, United States|Maine Medical Center, Portland, Maine, United States|Holy Cross Hospital, Silver Spring, Maryland, United States|Tufts Medical Center, Boston, Massachusetts, United States|Brigham & Women's Hospital and Harvard Medical School, Boston, Massachusetts, United States|Center for Virology and Vaccine Research, Beth Israel Deaconess Medical Center, Boston, Massachusetts, United States|The University of Michigan Hospitals and Health Systems, Ann Arbor, Michigan, United States|Henry Ford Health System, Detroit, Michigan, United States|Hennepin Healthcare, Minneapolis, Minnesota, United States|Mayo Clinic, Rochester, Minnesota, United States|Providence St Patrick Hospital and International Heart Institute of MT Foundation, Missoula, Montana, United States|Darmouth-Hitchhock Medical Center, Lebanon, New Hampshire, United States|Hackensack Medical Center, Hackensack, New Jersey, United States|Robert Wood Johnson University Hospital Somerset, Hillsborough, New Jersey, United States|Robert Wood Johnson University Hospital Somerset, 1 RWJ Place, New Brunswick, New Jersey, United States|Robert Wood Johnson University Hospital Somerset, 201 Lyons Avenue, Newark, New Jersey, United States|St. Joseph's University Medical Center, Paterson, New Jersey, United States|Jacobi Medical Center, Bronx, New York, United States|James J. Peters Veterans Administration Medical Center, Bronx, New York, United States|Jamaica Hospital Medical Center, Jamaica, New York, United States|Danbury Hospital, Lagrangeville, New York, United States|North Shore University Hospital, Manhasset, New York, United States|North Shore University Hospital, 270-05 76th Ave, New Hyde Park, New York, United States|Icahn School of Medicine at Mount Sinai, 350 East 17th Street, New York, New York, United States|Icahn School of Medicine at Mount Sinai, 1000 10th Avenue, New York, New York, United States|Icahn School of Medicine at Mount Sinai, 440 West 114th St., New York, New York, United States|Icahn School of Medicine at Mount Sinai, New York, New York, United States|Columbia University Irving Medical Center, New York, New York, United States|Weill Cornell Medical College/NYU Presbyterian Hospital, New York, New York, United States|Duke University Medical Center, Durham, North Carolina, United States|University Hospitals Cleveland Medical Center, Cleveland, Ohio, United States|Kaiser Sunnyside Medical Center, 2875 NW Stucki Ave, Hillsboro, Oregon, United States|Providence Portland Medical Center, Portland, Oregon, United States|Providence St. Vincent Medical Center, Portland, Oregon, United States|Kaiser Sunnyside Medical Center, Portland, Oregon, United States|Hospital of the University of Pennsylvania, 51 N. 31st Street, Philadelphia, Pennsylvania, United States|Hospital of the University of Pennsylvania, Philadelphia, Pennsylvania, United States|Temple University Hospital, Philadelphia, Pennsylvania, United States|The Miriam Hospital, Providence, Rhode Island, United States|Prisma Health Richland Hospital, Columbia, South Carolina, United States|Prisma Health Richland Hospital, 701 Grove Road, Greenville, South Carolina, United States|The Liver Institute of Methodist Dallas Medical Center, Dallas, Texas, United States|UT Southwestern Medical Center Amelia Court, HIV Research Clinic, Dallas, Texas, United States|Baylor University Medical Center, Dallas, Texas, United States|UT Southwestern Medical Center Amelia Court, HIV Research Clinic, 5201 Harry Hines Blvd., Dallas, Texas, United States|UT Southwestern Medical Center Amelia Court, HIV Research Clinic, 6201 Harry Hines Blvd, Dallas, Texas, United States|Baylor University Medical Center, 1400 8th Ave, Fort Worth, Texas, United States|Houston Methodist Hospital, Houston, Texas, United States|Baylor University Medical Center, 2401 S. 31st St., Temple, Texas, United States|University of Utah Health, Salt Lake City, Utah, United States|Virginia Hospital Center, Arlington, Virginia, United States|Inova Fairfax Hospital, Falls Church, Virginia, United States|VCU Health Medical Center, Richmond, Virginia, United States|Providence Medical Research Center, Everett, Washington, United States|Kadlec Regional Medical Center, Kennewick, Washington, United States|Providence St. Peter Hospital, Olympia, Washington, United States|Virginia Mason Medical Center, Seattle, Washington, United States|Swedish Center for Comprehensive Care, Seattle, Washington, United States|MultiCare Deaconess Hospital, Spokane, Washington, United States|MultiCare Tacoma General Hospital, Tacoma, Washington, United States|St Joseph Medical Center, Tacoma, Washington, United States|The First Affiliated Hospital of Guangzhou Medical University, Guangzhou, China|CHU Pellegrin, Bordeaux, France|CHU de Montpellier-Hopital Gui de Chauliac, Montpelier Cedex 5, France|CHU de Nantes-Hotel Dieu, Nantes, France|Hopital Saint-Louis, Paris, France|Hopital Saint Antoine, Paris, France|Charite Universitatsmedizin Berlin, Campus Virchow-Klinikum, Medizinische Klinik Infektiologie Pneumologie, Berlin, Germany|Universitatsklinikum Dusseldorf, Klinik fur Gastroenterologie, Hepatologie und Infektiologie, Düsseldorf, Germany|Universitatsklinikum Hamburg-Eppendorf, Hamburg, Germany|Universitätsklinikum Schleswig-Holstein Campus Kiel, Kiel, Germany|Klinikum St. Georg gGmbH Klinik fur Infektiologie, Tropenmedizin, Nephrologie und Rheumatologie, Leipzig, Germany|Klinikum rechts der Isar der TU Munchen, Klinik und Poliklinik Innere Medizin 2, Munich, Germany|Klinik für Hämatologie, Onkologie, Immunologie, München, Germany|Robert-Bosch-Krankenhaus (RBK), Klinik Schillerhohe (KSH) und Dr. Margarete Fischer-Bosch-Institut fur klinische Pharmakologie (IKP), Stuttgart, Germany|Prince of Wales Hospital, Hong Kong, Hong Kong|Princess Margaret Hospital, Hong Kong, Hong Kong|Queen Mary Hospital, Hong Kong, Hong Kong|UOC Malattie Infettive, ASST Papa Giovanni XXIII, Bergamo, Italy|ASST degli Spedali Civili di Brescia, Brescia, Italy|ASST di Cremona - Azienda Socio Sanitaria Territor, Cremona, Italy|UOC Malattie Infettive, IRCCS Ospedale San Raffaele, Milano, Italy|ASST Fatebenefratelli Sacco, Milano, Italy|UO Malattie Infettive, Fondazione IRCCS Ca' Granda Ospedale Maggiore Policlinico, Milan, Italy|UOC Malattie Infettive e Tropicali, Azienda Ospedaliera di Padova, Padova PD, Italy|Azienda Ospedaliero Universitaria di Parma, Parma, Italy|Malattie Infettive I, Fondazione IRCCS Policlinico San Matteo, Pavia, Italy|Ospedale Guglielmo da Saliceto AUSL di Piacenza, Piacenza, Italy|UOC Malattie Infettive ad Alta Intensita di Cure, Istituto Nazionale Malattie Infettive Lazzaro Spallanzani I.R.C.C.S., Roma, Italy|Clinica Universitaria Malattie Infettive, Ospedale Amedeo di Savoia, Torino, Italy|Yokohama Municipal Citizen's Hospital, Kanagawa, Japan|Nagoya City East Medical Center, Nagoya, Japan|Tokyo Metropolitan Bokutoh Hospital, Tokyo, Japan|Kyungpook National University Hospital, Daegu, Korea, Republic of|Seoul Medical Center, Seoul, Korea, Republic of|National Medical Center, Seoul, Korea, Republic of|Amsterdam University Medical Centre - Location AMC, Amsterdam, Netherlands|Leiden University Medical Center, Leiden, Netherlands|Erasmus Medical Centre, Rotterdam, Netherlands|National University Hospital, Singapore, Singapore|Singapore General Hospital, Singapore, Singapore|National Centre for Infectious Diseases, Tan Tock Seng Hospital, Singapore, Singapore|Hospital Principe de Asturias, Alcalá De Henares, Madrid, Spain|Complejo Hospitalario Universitario A Coruña, A Coruña, Spain|Hospital Universitario Vall d'Hebron, Barcelona, Spain|Hospital Universitari de Bellvitge, Barcelona, Spain|Hospital Clinic de Barcelona, Barcelona, Spain|Hospital Universitario Cruces, Bizkaia, Spain|Hospital Universitario Ramón y Cajal, Madrid, Spain|Hospital Universitario Fundación Jiménez Díaz, Madrid, Spain|Hospital Universitario 12 de Octubre, Madrid, Spain|Hospital Universitario La Paz, Madrid, Spain|Hospital Regional Universitario de Málaga, Málaga, Spain|Hospital Universitario Virgen del Rocio, Sevilla, Spain|Hospital Universitari i Politecnic La Fe, Valencia, Spain|Sahlgrenska University Hospital, Ostra, Gothenburg, Sweden|SUS (Skanes University Hospital), Malmo, Sweden|Karolinska University Hospital, Stockholm, Sweden|Hopitaux Universitaires de Genève, Genève 14, Switzerland|Ospedale Regionale di Locarno La Carità, Lugano, Switzerland|Universitätsspital Zürich, Zürich, Switzerland|Kaohsiung Veterans General Hospital, Kaohsiung, Taiwan|China Medical University Hospital, Taichung, Taiwan|National Taiwan University Hospital, Taipei City, Taiwan|Imperial College NHS Trust, London, Greater London, United Kingdom|NHS Lothian, Royal lnfirmary of Edinburgh, Edinburgh, United Kingdom|Queen Elizabeth University Hospital, Glasgow, United Kingdom|Hull University Teaching Hospitals NHS Trust, Hull, United Kingdom|Royal Lancaster Hospital, Lancaster, United Kingdom|Liverpool University Hospital, Liverpool, United Kingdom|Northwick Park Hospital, London, United Kingdom|Royal Free London NHS Foundation Trust, London, United Kingdom|King's College Hospital NHS Trust, London, United Kingdom|University College London, London, United Kingdom|Manchester University NHS Foundation Trust, Manchester, United Kingdom|Manchester University NHS Foundation Trust, Manchester, United Kingdom|Pennine Acute Hospitals NHS Trust, Manchester, United Kingdom|Derriford Hospital, Plymouth, United Kingdom|Sheffield Teaching Hospitals, Sheffield, United Kingdom",https://ClinicalTrials.gov/show/NCT04292730
NCT04320615,A Study to Evaluate the Safety and Efficacy of Tocilizumab in Patients With Severe COVID-19 Pneumonia,"Allocation: Randomized|Intervention Model: Parallel Assignment|Masking: Double (Participant, Investigator)|Primary Purpose: Treatment",WA42380|2020-001154-22,"University of California San Diego, La Jolla, California, United States|eStudySite, La Mesa, California, United States|David Geffen School of Medicine UCLA, Los Angeles, California, United States|Stanford University, Stanford, California, United States|Denver Health Medical Center, Denver, Colorado, United States|University of Miami Miller School of Medicine, Miami, Florida, United States|Rush University Medical Center, Chicago, Illinois, United States|University of Chicago, Chicago, Illinois, United States|Ochsner Clinic Foundation, Baton Rouge, Louisiana, United States|Baystate Health System, Springfield, Massachusetts, United States|Mayo Clinic - PPDS, Rochester, Minnesota, United States|Hackensack University Medical Center, Hackensack, New Jersey, United States|Robert Wood Johnson University Hospital/Rutgers, New Brunswick, New Jersey, United States|James J Peters Veterans Administration Medical Center - NAVREF, Bronx, New York, United States|Duke University Medical Center, Durham, North Carolina, United States|Cleveland Clinic Foundation; Pulmonary, Allergy & Critical Care Medicine, Cleveland, Ohio, United States|Thomas Jefferson University, Philadelphia, Pennsylvania, United States|Baylor St. Luke's Medical Center, Houston, Texas, United States|Ben Taub General Hospital - HCHD, Houston, Texas, United States|Intermountain Medical Group, Saint George, Utah, United States|Intermountain LDS Hospital, Salt Lake City, Utah, United States|Evergreen Health Infectious Disease, Kirkland, Washington, United States|Swedish Hospital Medical Center, Seattle, Washington, United States|Hamilton General Hospital; Pharmacy, Hamilton, Ontario, Canada|St. Joseph's Healthcare Hamilton, Hamilton, Ontario, Canada|University Health Network, Toronto, Ontario, Canada|Clinical Research Institute of Montreal, Montreal, Quebec, Canada|Rigshospitalet Copenhagen University Hospital, Copenhagen, Denmark|Hvidovre Hospital, Hvidovre, Denmark|Odense Universitetshospital, Odense C, Denmark|Sjællands Universitetshospital, Roskilde, Roskilde, Denmark|Centre Hospitalier Departemental de Vendee, La Roche Sur Yon, France|Centre Hospitalier et Universitaire de Limoges, Limoges, France|Hôpital de La Croix Rousse, Lyon, France|Hotel Dieu - Nantes, Nantes, France|Hopital de la Pitie Salpetriere, Paris, France|HOPITAL COCHIN university hospital, Paris, France|CHRU de Tours, Pharmacie, Tours, France|Universitatsklinikum Dusseldorf, Dusseldorf, Germany|Medizinische Hochschule Hannover, Hannover, Germany|Universitätsklinikum Köln; Innere Medizin I; Onkologie, Hämatologie, Köln, Germany|LMU Klinikum der Universitat Munchen, Munchen, Germany|Azienda Ospedaliera San Gerardo di Monza, Monza MI, Lombardia, Italy|Fondazione IRCCS Policlinico San Matteo di Pavia; S.S. Fisiopatologia Respiratoria, Pavia, Lombardia, Italy|Amphia Ziekenhuis, Breda, Netherlands|St. Antonius Ziekenhuis Nieuwegein, Nieuwegein, Netherlands|Erasmus MC, Rotterdam, Netherlands|Universitair Medisch Centrum Utrecht, Utrecht, Netherlands|Hospital Universitario de Bellvitge, Hospitalet de Llobregat, Barcelona, Spain|Hospital Universitari Vall d'Hebron, Barcelona, Spain|Hospital Clinic de Barcelona, Barcelona, Spain|Hospital Universitario La Paz, Madrid, Spain|Hospital Universitario Ramon y Cajal, Madrid, Spain|Hospital General Universitario Gregorio Maranon, Madrid, Spain|Hospital Universitario HM Sanchinarro-CIOCC, Madrid, Spain|Greater Glasgow and Clyde Health Board, Glasgow, United Kingdom|Leeds Teaching Hospitals NHS Trust, Leeds, United Kingdom|University College Hospital, London, United Kingdom|Royal Free Hospital, London, United Kingdom|St George's Clinical Research Facility, London, United Kingdom|Imperial College London, London, United Kingdom|North Manchester General Hospital, Manchester, United Kingdom",https://ClinicalTrials.gov/show/NCT04320615
NCT04401202,Nigella Sativa in COVID-19,Allocation: Randomized|Intervention Model: Parallel Assignment|Masking: None (Open Label)|Primary Purpose: Treatment,266-20,"King Abdulaziz University Hospital, Jeddah, Saudi Arabia",https://ClinicalTrials.gov/show/NCT04401202
NCT04435808,Efficacy of Hydroxychloroquine Prophylaxis for Health Care Workers at High Risk for COVID-19,Allocation: Non-Randomized|Intervention Model: Parallel Assignment|Masking: None (Open Label)|Primary Purpose: Prevention,20-206,"University of New Mexico Health Sciences Center, Albuquerque, New Mexico, United States",https://ClinicalTrials.gov/show/NCT04435808
NCT04338074,TXA and Corona Virus 2019 (COVID19) in Outpatients,"Allocation: Randomized|Intervention Model: Parallel Assignment|Masking: Quadruple (Participant, Care Provider, Investigator, Outcomes Assessor)|Primary Purpose: Treatment",TXACOVID1,"University of Alabama at Birmingham, Birmingham, Alabama, United States",https://ClinicalTrials.gov/show/NCT04338074
NCT04358068,Evaluating the Efficacy of Hydroxychloroquine and Azithromycin to Prevent Hospitalization or Death in Persons With COVID-19,"Allocation: Randomized|Intervention Model: Parallel Assignment|Masking: Double (Participant, Investigator)|Primary Purpose: Treatment",ACTG A5395|38720,"Alabama CRS, Birmingham, Alabama, United States|UCSD Antiviral Research Center CRS, San Diego, California, United States|Harbor-UCLA CRS, Torrance, California, United States|Whitman-Walker Health CRS, Washington, District of Columbia, United States|Northwestern University CRS, Chicago, Illinois, United States|Rush University CRS, Chicago, Illinois, United States|Greensboro CRS, Greensboro, North Carolina, United States|Cincinnati Clinical Research Site, Cincinnati, Ohio, United States|University of Pittsburgh CRS, Pittsburgh, Pennsylvania, United States|Trinity Health and Wellness Center CRS, Dallas, Texas, United States|University of Washington AIDS CRS, Seattle, Washington, United States",https://ClinicalTrials.gov/show/NCT04358068
NCT04358081,Hydroxychloroquine Monotherapy and in Combination With Azithromycin in Patients With Moderate and Severe COVID-19 Disease,"Allocation: Randomized|Intervention Model: Parallel Assignment|Masking: Quadruple (Participant, Care Provider, Investigator, Outcomes Assessor)|Primary Purpose: Treatment",CJWT629A12301,"Novartis Investigative Site, Fullerton, California, United States|Novartis Investigative Site, Los Angeles, California, United States|Novartis Investigative Site, Chicago, Illinois, United States|Novartis Investigative Site, Baton Rouge, Louisiana, United States|Novartis Investigative Site, Baltimore, Maryland, United States|Novartis Investigative Site, Chapel Hill, North Carolina, United States|Novartis Investigative Site, Seattle, Washington, United States",https://ClinicalTrials.gov/show/NCT04358081
NCT04523831,Clinical Trial of Ivermectin Plus Doxycycline for the Treatment of Confirmed Covid-19 Infection,"Allocation: Randomized|Intervention Model: Parallel Assignment|Masking: Double (Participant, Investigator)|Primary Purpose: Treatment",ERC-DMC/ECC/2020/117,"Dhaka Medical College, Dhaka, Bangladesh",https://ClinicalTrials.gov/show/NCT04523831
NCT04599959,COVID-19 Tests: Nasopharyngeal Swab vs Saliva Collected With Salivette® Cortisol for Viral RNA Sampling for RT-qPCR,Allocation: Non-Randomized|Intervention Model: Single Group Assignment|Masking: None (Open Label)|Primary Purpose: Diagnostic,0352-2150,"Instituto Nacional de Enfermedades Respiratorias Ismael Cosío Villegas, Mexico, Mexico",https://ClinicalTrials.gov/show/NCT04599959
NCT04343092,Effectiveness of Ivermectin as add-on Therapy in COVID-19 Management,Allocation: N/A|Intervention Model: Single Group Assignment|Masking: None (Open Label)|Primary Purpose: Treatment,PRO20040001,"General Directorate of Medical City, Bagdad, Baghdad, Iraq",https://ClinicalTrials.gov/show/NCT04343092
NCT04362137,Study to Assess the Efficacy and Safety of Ruxolitinib in Patients With COVID-19 Associated Cytokine Storm,"Allocation: Randomized|Intervention Model: Parallel Assignment|Masking: Double (Participant, Investigator)|Primary Purpose: Treatment",CINC424J12301|INCB 18424-368|2020-001662-11,"Novartis Investigative Site, Fullerton, California, United States|Novartis Investigative Site, Aurora, Colorado, United States|Novartis Investigative Site, Denver, Colorado, United States|Novartis Investigative Site, Atlanta, Georgia, United States|Novartis Investigative Site, Idaho Falls, Idaho, United States|Novartis Investigative Site, Ann Arbor, Michigan, United States|Novartis Investigative Site, Newark, New Jersey, United States|Novartis Investigative Site, Bronx, New York, United States|Novartis Investigative Site, Mesquite, Texas, United States|Novartis Investigative Site, Seattle, Washington, United States|Novartis Investigative Site, Madison, Wisconsin, United States|Novartis Investigative Site, C A B A, Buenos Aires, Argentina|Novartis Investigative Site, Buenos Aires, Argentina|Novartis Investigative Site, Buenos Aires, Argentina|Novartis Investigative Site, Rio de Janeiro, RJ, Brazil|Novartis Investigative Site, Blumenau, Santa Catarina, Brazil|Novartis Investigative Site, Barretos, SP, Brazil|Novartis Investigative Site, Sao Paulo, SP, Brazil|Novartis Investigative Site, Sao Paulo, SP, Brazil|Novartis Investigative Site, Sorocaba, SP, Brazil|Novartis Investigative Site, Rionegro, Antioquia, Colombia|Novartis Investigative Site, Barranquilla, Atlantico, Colombia|Novartis Investigative Site, Barranquilla, Colombia|Novartis Investigative Site, Colombes Cedex, France|Novartis Investigative Site, Eaubonne, France|Novartis Investigative Site, Nantes Cedex 1, France|Novartis Investigative Site, Pessac, France|Novartis Investigative Site, Pierre Benite, France|Novartis Investigative Site, Lubeck, Germany|Novartis Investigative Site, Muenchen, Germany|Novartis Investigative Site, Nuernberg, Germany|Novartis Investigative Site, México, Distrito Federal, Mexico|Novartis Investigative Site, Ciudad de Mexico, Mexico CP, Mexico|Novartis Investigative Site, Estado de Mexico, Mexico|Novartis Investigative Site, San Isidro, Lima, Peru|Novartis Investigative Site, San Miguel, Lima, Peru|Novartis Investigative Site, Lima, Peru|Novartis Investigative Site, Lima, Peru|Novartis Investigative Site, Barnaul, Russian Federation|Novartis Investigative Site, Moscow, Russian Federation|Novartis Investigative Site, Moscow, Russian Federation|Novartis Investigative Site, Ryazan, Russian Federation|Novartis Investigative Site, S-Petersburg, Russian Federation|Novartis Investigative Site, Saint Petersburg, Russian Federation|Novartis Investigative Site, Saint Petersburg, Russian Federation|Novartis Investigative Site, Sestroretsk, Russian Federation|Novartis Investigative Site, St Petersburg, Russian Federation|Novartis Investigative Site, Salamanca, Castilla Y Leon, Spain|Novartis Investigative Site, Barcelona, Cataluna, Spain|Novartis Investigative Site, Badalona, Catalunya, Spain|Novartis Investigative Site, Madrid, Spain|Novartis Investigative Site, Madrid, Spain|Novartis Investigative Site, Istanbul, TUR, Turkey|Novartis Investigative Site, Ankara, Turkey|Novartis Investigative Site, Istanbul, Turkey|Novartis Investigative Site, Yenisehir/Izmir, Turkey|Novartis Investigative Site, Harrow, United Kingdom|Novartis Investigative Site, Leeds, United Kingdom|Novartis Investigative Site, London, United Kingdom|Novartis Investigative Site, London, United Kingdom|Novartis Investigative Site, Manchester, United Kingdom",https://ClinicalTrials.gov/show/NCT04362137
NCT04724538,Inhalation Low Dose Radionuclide Therapy in Treatment COVID-19,Allocation: Non-Randomized|Intervention Model: Parallel Assignment|Masking: None (Open Label)|Primary Purpose: Treatment,RNT COVID-19,"P. Hertsen Moscow Oncology Research Institute, Moscow, Russian Federation",https://ClinicalTrials.gov/show/NCT04724538
NCT04674644,Analysing the Psychosocial Effects of COVID-19 Pandemic on Dental Professionals Using the Turkish Version of the Fear of COVID-19 and Coronavirus Anxiety Scales,Allocation: N/A|Intervention Model: Single Group Assignment|Masking: None (Open Label)|Primary Purpose: Other,355,"Suleyman Demirel University Faculty of Dentistry Pediatric Dentistry Department, Isparta, Turkey",https://ClinicalTrials.gov/show/NCT04674644
NCT04345653,Hydroxychloroquine as Chemoprevention for COVID-19 for High Risk Healthcare Workers,Allocation: N/A|Intervention Model: Single Group Assignment|Masking: None (Open Label)|Primary Purpose: Prevention,Pro2020-0356,"Hackensack Meridian Health - JFK Medical Center, Edison, New Jersey, United States",https://ClinicalTrials.gov/show/NCT04345653
NCT04338009,Elimination or Prolongation of ACE Inhibitors and ARB in Coronavirus Disease 2019,Allocation: Randomized|Intervention Model: Parallel Assignment|Masking: Single (Participant)|Primary Purpose: Treatment,842810,"University of Pennsylvania Health System, Philadelphia, Pennsylvania, United States",https://ClinicalTrials.gov/show/NCT04338009
NCT04342663,"A Double-blind, Placebo-controlled Clinical Trial of Fluvoxamine for Symptomatic Individuals With COVID-19 Infection","Allocation: Randomized|Intervention Model: Parallel Assignment|Masking: Triple (Participant, Investigator, Outcomes Assessor)|Primary Purpose: Treatment",202004023,"BJC, Belleville, Illinois, United States|Washington University School of Medicine, Saint Louis, Missouri, United States",https://ClinicalTrials.gov/show/NCT04342663
NCT04425850,USEFULNESS of Topic Ivermectin and Carrageenan to Prevent Contagion of Covid 19,Observational Model: Cohort|Time Perspective: Prospective,IVERCAR,"Hospital Eurnekian, Buenos Aires, Argentina",https://ClinicalTrials.gov/show/NCT04425850
NCT04411667,Study of SOC Plus IVIG Compared to SOC Alone in the Treatment of COVID-19,Allocation: Randomized|Intervention Model: Parallel Assignment|Masking: None (Open Label)|Primary Purpose: Treatment,COVID-IVIG|2004902,"Sharp Grossmont Hospital, La Mesa, California, United States|Sharp Memorial Hospital, San Diego, California, United States",https://ClinicalTrials.gov/show/NCT04411667
NCT04698993,Dräger COVID-19 Antigen Test Clinical Performance Study,Allocation: Non-Randomized|Intervention Model: Parallel Assignment|Masking: None (Open Label)|Primary Purpose: Diagnostic,Dräger Antigen Test SARS-CoV-2,"Charité - Universitätsmedizin Berlin, Berlin, Germany",https://ClinicalTrials.gov/show/NCT04698993
NCT04502056,Covid-19 Messaging to Underserved Communities - 2nd Experiment,Allocation: Randomized|Intervention Model: Parallel Assignment|Masking: None (Open Label)|Primary Purpose: Prevention,2029880,"JPAL North America, Cambridge, Massachusetts, United States",https://ClinicalTrials.gov/show/NCT04502056
NCT04491994,Clearing the Fog: Is Hydroxychloroquine Effective in Reducing COVID-19 Progression,Allocation: Randomized|Intervention Model: Parallel Assignment|Masking: None (Open Label)|Primary Purpose: Treatment,Sultan Mehmood Kamran 2,"Pak Emirates Military Hospital, Rawalpindi, Punjab, Pakistan",https://ClinicalTrials.gov/show/NCT04491994
NCT04728802,Proxalutamide Treatment for Hospitalized COVID-19 Patients,"Allocation: Randomized|Intervention Model: Parallel Assignment|Masking: Double (Participant, Care Provider)|Primary Purpose: Treatment",KP-DRUG-SARS-003,"Hospital Regional José Mendes, Itacoatiara, Amazonas, Brazil|Hospital de Campanha de Manacapuru, Manacapuru, Amazonas, Brazil|Hospital Oscar Nicolau, Manaus, Amazonas, Brazil|Hospital Prontocord, Manaus, Amazonas, Brazil|Hospital Samel, Manaus, Amazonas, Brazil|Hospital Regional Dr. Hamilton Maia Cidae, Manicore, Amazonas, Brazil|Hospital Raimunda Francisca Dinelli da Silva, Maues, Amazonas, Brazil|Hospital Regional Jofre Cohen, Parintins, Amazonas, Brazil",https://ClinicalTrials.gov/show/NCT04728802
NCT04422561,Prophylactic Ivermectin in COVID-19 Contacts,Allocation: Randomized|Intervention Model: Sequential Assignment|Masking: None (Open Label)|Primary Purpose: Prevention,ZU-IRB#6150/31-5-2020,"Zagazig University, Zagazig, Sharkia, Egypt",https://ClinicalTrials.gov/show/NCT04422561
NCT04356937,Efficacy of Tocilizumab on Patients With COVID-19,"Allocation: Randomized|Intervention Model: Parallel Assignment|Masking: Double (Participant, Investigator)|Primary Purpose: Treatment",2020P001159,"Massachusetts General Hospital, Boston, Massachusetts, United States|Brigham and Women's Hospital, Boston, Massachusetts, United States|Newton-Wellesley Hospital, Newton, Massachusetts, United States",https://ClinicalTrials.gov/show/NCT04356937
NCT04407507,"Efficacy, Safety and Tolerability of Ivermectin in Subjects Infected With SARS-CoV-2 With or Without Symptoms",Allocation: Randomized|Intervention Model: Parallel Assignment|Masking: Single (Care Provider)|Primary Purpose: Treatment,SARS-COV-IverMX-01,"Investigacion Biomédica para el Desarrollo de Fármacos S.A. de C.V., Zapopan, Jalisco, Mexico",https://ClinicalTrials.gov/show/NCT04407507
NCT04390022,Sars-CoV-2/COVID-19 Ivermectin Navarra-ISGlobal Trial,"Allocation: Randomized|Intervention Model: Parallel Assignment|Masking: Double (Participant, Investigator)|Primary Purpose: Treatment",SAINT,"Clinica Universidad de Navarra, Pamplona, Navarra, Spain",https://ClinicalTrials.gov/show/NCT04390022
NCT04409886,Hyperbaric Oxygen Therapy in Non-ventilated COVID-19 Patients,Allocation: N/A|Intervention Model: Single Group Assignment|Masking: None (Open Label)|Primary Purpose: Treatment,120-20-ASF,"Maimonides Medical Center, Brooklyn, New York, United States",https://ClinicalTrials.gov/show/NCT04409886
NCT04399980,Mavrilimumab to Reduce Progression of Acute Respiratory Failure in COVID-19 Pneumonia and Systemic Hyper-inflammation,"Allocation: Randomized|Intervention Model: Parallel Assignment|Masking: Quadruple (Participant, Care Provider, Investigator, Outcomes Assessor)|Primary Purpose: Treatment",IND 149324|IRB 20-523,"Cleveland Clinic Florida, Weston, Florida, United States|Cleveland Clinic Health System, Cleveland, Ohio, United States",https://ClinicalTrials.gov/show/NCT04399980
NCT04365153,Canakinumab in Covid-19 Cardiac Injury (The Three C Study),"Allocation: Randomized|Intervention Model: Parallel Assignment|Masking: Quadruple (Participant, Care Provider, Investigator, Outcomes Assessor)|Primary Purpose: Treatment",IND 149328,"Cleveland Clinic Florida, Weston, Florida, United States|Cleveland Clinic, Cleveland, Ohio, United States",https://ClinicalTrials.gov/show/NCT04365153
NCT04491240,Evaluation of Safety and Efficiency of Method of Exosome Inhalation in SARS-CoV-2 Associated Pneumonia.,"Allocation: Randomized|Intervention Model: Parallel Assignment|Masking: Double (Participant, Care Provider)|Primary Purpose: Other",COVID-19 EXO,"Medical Centre Dinasty, Samara, Russian Federation",https://ClinicalTrials.gov/show/NCT04491240
NCT04335552,"Pragmatic Factorial Trial of Hydroxychloroquine, Azithromycin, or Both for Treatment of Severe SARS-CoV-2 Infection",Allocation: Randomized|Intervention Model: Factorial Assignment|Masking: None (Open Label)|Primary Purpose: Treatment,PRO00105339,"Duke Regional Hospital, Durham, North Carolina, United States|Duke University Hospital, Durham, North Carolina, United States|Durham VA Medical Center, Durham, North Carolina, United States|Duke Raleigh Hospital, Raleigh, North Carolina, United States",https://ClinicalTrials.gov/show/NCT04335552
NCT04898166,Association of Androgenetic Alopecia and Severity of Coronavirus Disease 2019 (COVID-19).,Observational Model: Cohort|Time Perspective: Prospective,NO.F.2-81/2021-GEN/56923/JPMC,"Jinnah postgraduate medical center, Karachi, Sindh, Pakistan",https://ClinicalTrials.gov/show/NCT04898166
NCT04475588,Efficacy and Safety of Itolizumab in COVID-19 Complications,Allocation: Randomized|Intervention Model: Parallel Assignment|Masking: None (Open Label)|Primary Purpose: Treatment,ITOLI-C19-02-I-00,"Topiwala National Medical College & B. Y. L. Nair Charitable Hospital,, Mumbai, India|Seth GS Medical College and KEM Hospital, Mumbai, India|MAMC medical college and Lok Nayak Jai Prakash Narayan Hospital hospital, New Delhi, India|All India Institute Of Medical Sciences, New Delhi, India",https://ClinicalTrials.gov/show/NCT04475588
NCT04343261,Convalescent Plasma in the Treatment of COVID 19,Allocation: N/A|Intervention Model: Single Group Assignment|Masking: None (Open Label)|Primary Purpose: Treatment,SFH-20-23,"Trinity Health Of New England, Hartford, Connecticut, United States",https://ClinicalTrials.gov/show/NCT04343261
NCT04446429,Anti-Androgen Treatment for COVID-19,"Allocation: Randomized|Intervention Model: Parallel Assignment|Masking: Quadruple (Participant, Care Provider, Investigator, Outcomes Assessor)|Primary Purpose: Treatment",AB-DRUG-SARS-004,"Corpometria Institute, Brasilia, Brazil",https://ClinicalTrials.gov/show/NCT04446429
NCT04332991,Outcomes Related to COVID-19 Treated With Hydroxychloroquine Among In-patients With Symptomatic Disease,"Allocation: Randomized|Intervention Model: Parallel Assignment|Masking: Quadruple (Participant, Care Provider, Investigator, Outcomes Assessor)|Primary Purpose: Treatment",PETAL 05 Orchid,"University of Arizona, Tucson, Arizona, United States|UCSF Fresno, Fresno, California, United States|Ronald Reagan UCLA Medical Center, Los Angeles, California, United States|UC Davis Medical Center, Sacramento, California, United States|UCSF Medical Center, San Francisco, California, United States|Stanford University, Stanford, California, United States|Medical Center of Aurora, Aurora, Colorado, United States|University of Colorado Hospital, Aurora, Colorado, United States|Denver Health Medical Center, Denver, Colorado, United States|St. Joseph Hospital, Denver, Colorado, United States|University of Florida, Gainesville, Florida, United States|University of Kentucky, Lexington, Kentucky, United States|University Medical Center, New Orleans, Louisiana, United States|Maine Medical Center, Portland, Maine, United States|Massachusetts General Hospital, Boston, Massachusetts, United States|Beth Israel Deaconess Medical Center, Boston, Massachusetts, United States|Brigham and Women's Hospital, Boston, Massachusetts, United States|Baystate Medical Center, Springfield, Massachusetts, United States|St. Vincent's Hospital, Worcester, Massachusetts, United States|University of Michigan Medical Center, Ann Arbor, Michigan, United States|Henry Ford Medical Center, Detroit, Michigan, United States|University of Mississippi Medical Center, Jackson, Mississippi, United States|Montefiore Medical Center-Weiler, Bronx, New York, United States|Montefiore Medical Center-Moses, Bronx, New York, United States|Wake Forest Baptist Medical Center, Winston-Salem, North Carolina, United States|University of Cincinnati Medical Center, Cincinnati, Ohio, United States|Cleveland Clinic Foundation, Cleveland, Ohio, United States|Ohio State University Wexner Medical Center, Columbus, Ohio, United States|Oregon Health and Science University, Portland, Oregon, United States|Penn State Hershey Medical Center, Hershey, Pennsylvania, United States|Temple University Hospital, Philadelphia, Pennsylvania, United States|UPMC Presbyterian/Mercy/Shadyside, Pittsburgh, Pennsylvania, United States|Medical University of South Carolina, Charleston, South Carolina, United States|Vanderbilt University Medical Center, Nashville, Tennessee, United States|University of Texas Health Science Center, Houston, Texas, United States|Intermountain Medical Center, Murray, Utah, United States|University of Utah Hospital, Salt Lake City, Utah, United States|VCU Medical Center, Richmond, Virginia, United States|Harborview Medical Center, Seattle, Washington, United States|Swedish Hospital First Hill, Seattle, Washington, United States",https://ClinicalTrials.gov/show/NCT04332991
NCT04385238,Health and Wellbeing of Pregnant and Post-Partum Women During the COVID-19 Pandemic,Observational Model: Case-Only|Time Perspective: Cross-Sectional,2,"Pregistry, Los Angeles, California, United States",https://ClinicalTrials.gov/show/NCT04385238
NCT04370834,Tocilizumab for Patients With Cancer and COVID-19 Disease,Allocation: N/A|Intervention Model: Single Group Assignment|Masking: None (Open Label)|Primary Purpose: Other,NCI-2020-02987|TRC-10446,"National Cancer Institute, Rockville, Maryland, United States|University Medical Center of Southern Nevada, Las Vegas, Nevada, United States|Summerlin Hospital Medical Center, Las Vegas, Nevada, United States|University of Oklahoma Health Sciences Center, Oklahoma City, Oklahoma, United States|Valley Medical Center, Renton, Washington, United States",https://ClinicalTrials.gov/show/NCT04370834
NCT04323592,Methylprednisolone for Patients With COVID-19 Severe Acute Respiratory Syndrome,Observational Model: Cohort|Time Perspective: Prospective,MP-19 023_2020,"Marco Confalonieri, Trieste, TS, Italy",https://ClinicalTrials.gov/show/NCT04323592
NCT04371419,COVID-19 Health Messaging to Underserved Communities,Allocation: Randomized|Intervention Model: Parallel Assignment|Masking: None (Open Label)|Primary Purpose: Prevention,2003000118,"JPAL North America, Cambridge, Massachusetts, United States",https://ClinicalTrials.gov/show/NCT04371419
NCT04402970,Dornase Alfa for ARDS in Patients With Severe Acute Respiratory Syndrome-Coronavirus-2 (SARS-CoV-2),Allocation: Non-Randomized|Intervention Model: Parallel Assignment|Masking: Single (Participant)|Primary Purpose: Treatment,2022206,"University of Missouri Hospital and Clinics, Columbia, Missouri, United States",https://ClinicalTrials.gov/show/NCT04402970
NCT04328467,Pre-exposure Prophylaxis for SARS-Coronavirus-2,"Allocation: Randomized|Intervention Model: Parallel Assignment|Masking: Quadruple (Participant, Care Provider, Investigator, Outcomes Assessor)|Primary Purpose: Treatment",MED-2020-28720,"Nationwide Enrollment via Internet, please email: covid19@umn.edu, Minneapolis, Minnesota, United States|University of Minnesota, Minneapolis, Minnesota, United States",https://ClinicalTrials.gov/show/NCT04328467
NCT04728594,Emails Promoting COVID-19 Vaccination Among Healthcare Workers,"Allocation: Randomized|Intervention Model: Parallel Assignment|Masking: Double (Participant, Care Provider)|Primary Purpose: Prevention",2021-0128,"Geisinger, Danville, Pennsylvania, United States",https://ClinicalTrials.gov/show/NCT04728594
NCT04425863,"Ivermectin, Aspirin, Dexamethasone and Enoxaparin as Treatment of Covid 19",Observational Model: Cohort|Time Perspective: Prospective,IDEA,"Hospital Eurnekian, Buenos Aires, Argentina",https://ClinicalTrials.gov/show/NCT04425863
NCT04542226,Observational Open Study of Polyoxidonium in Hospitalized Patients With COVID-19,Observational Model: Cohort|Time Perspective: Prospective,Covid_v_1.0,"Healthcare Institution ""Grodno Regional Infectious Clinical Hospital"", Grodno, Belarus|State-Funded Healthcare Institution ""Emergency Hospital"" of Ministry of Health of Chuvash Republic, Cheboksary, Chuvashia, Russian Federation|State-Funded Healthcare Institution ""Infectious Disease Hospital No.3"" of Ministry of Health of Krasnodar Krai, Novorossiysk, Krasnodar Krai, Russian Federation|State-Funded Institution of Mari El Republic ""Yoshkar-Ola City Hospital"", Yoshkar-Ola, Mari El Republic, Russian Federation|State-Funded Healthcare Institution of Voronezh Region ""Novaya Usman District Hospital"", Novaya Usman, Voronezh Region, Russian Federation",https://ClinicalTrials.gov/show/NCT04542226
NCT04490239,Intranasal Heparin Tolerability Study,Allocation: N/A|Intervention Model: Sequential Assignment|Masking: None (Open Label)|Primary Purpose: Prevention,Intranasal Heparin,"The University of Mississippi National Center for Natural Products Research, University, Mississippi, United States",https://ClinicalTrials.gov/show/NCT04490239
NCT04327388,Sarilumab COVID-19,"Allocation: Randomized|Intervention Model: Parallel Assignment|Masking: Quadruple (Participant, Care Provider, Investigator, Outcomes Assessor)|Primary Purpose: Treatment",EFC16844|2020-001162-12|U1111-1249-6021,"Investigational Site Number 0320001, Caba, Argentina|Investigational Site Number 0320003, Caba, Argentina|Investigational Site Number 0320004, Caba, Argentina|Investigational Site Number 0760003, Porto Alegre, Brazil|Investigational Site Number 0760001, Sao Paulo, Brazil|Investigational Site Number 0760002, Sao Paulo, Brazil|Investigational Site Number 0760004, São José Do Rio Preto, Brazil|Investigational Site Number 0760005, São Paulo, Brazil|Investigational Site Number 1240001, Montreal, Canada|Investigational Site Number 1240005, Montreal, Canada|Investigational Site Number 1240004, Toronto, Canada|Investigational Site Number 1240002, Toronto, Canada|Investigational Site Number 1240003, Vancouver, Canada|Investigational Site Number 1520003, Santiago, Chile|Investigational Site Number 1520002, Santiago, Chile|Investigational Site Number 1520004, Santiago, Chile|Investigational Site Number 1520001, Talca, Chile|Investigational Site Number 2500001, Bordeaux Cedex, France|Investigational Site Number 2500007, Clamart, France|Investigational Site Number 2500006, La Roche Sur Yon Cedex 9, France|Investigational Site Number 2500002, Nantes, France|Investigational Site Number 2500005, Paris Cedex 18, France|Investigational Site Number 2500003, Strasbourg, France|Investigational Site Number 2500004, Suresnes, France|Investigational Site Number 2760002, Essen, Germany|Investigational Site Number 2760004, Köln, Germany|Investigational Site Number 2760001, Münster, Germany|Investigational site number 3760003, Ashdod, Israel|Investigational Site Number 3760002, Jerusalem, Israel|Investigational Site Number 3760001, Ramat Gan, Israel|Investigational Site Number 3800005, Milano, Italy|Investigational Site Number 3800001, Milano, Italy|Investigational Site Number 3800002, Milano, Italy|Investigational Site Number 3800003, Modena, Italy|Investigational Site Number 3800004, Parma, Italy|Investigational Site Number 3800006, Rozzano, Italy|Investigational Site Number 3920002, Fuchu-Shi, Japan|Investigational Site Number 3920003, Iruma-Gun, Japan|Investigational Site Number 3920001, Kamakura-Shi, Japan|Investigational Site Number 6430003, Moscow, Russian Federation|Investigational Site Number 6430002, Moscow, Russian Federation|Investigational Site Number 6430001, Moscow, Russian Federation|Investigational Site Number 7240003, Barcelona, Spain|Investigational Site Number 7240004, Barcelona, Spain|Investigational Site Number 7240002, Madrid, Spain|Investigational Site Number 7240005, Madrid, Spain|Investigational Site Number 7240001, Madrid, Spain",https://ClinicalTrials.gov/show/NCT04327388
NCT04322396,Proactive Protection With Azithromycin and hydroxyChloroquine in Hospitalized Patients With COVID-19,"Allocation: Randomized|Intervention Model: Parallel Assignment|Masking: Quadruple (Participant, Care Provider, Investigator, Outcomes Assessor)|Primary Purpose: Treatment",KronLungesyg_COVID_19_protokol,"Aalborg Sygehus, Aalborg, Denmark|Bispebjerg Hospital, Copenhagen, Denmark|Herlev-Gentofte Hospital, Copenhagen, Denmark|Hvidovre Hospital, Copenhagen, Denmark|Nordsjællands Hospital, Hillerød, Denmark|Odense Universitetshospital, Odense, Denmark|Roskilde Sygehus, Roskilde, Denmark|Slagelse Sygehus, Slagelse, Denmark",https://ClinicalTrials.gov/show/NCT04322396
NCT04308668,Post-exposure Prophylaxis / Preemptive Therapy for SARS-Coronavirus-2,"Allocation: Randomized|Intervention Model: Parallel Assignment|Masking: Quadruple (Participant, Care Provider, Investigator, Outcomes Assessor)|Primary Purpose: Treatment",MED-2020-28673,"Nationwide Enrollment via Internet, please email: covid19@umn.edu, Minneapolis, Minnesota, United States|University of Minnesota, Minneapolis, Minnesota, United States|University of Alberta, Edmonton, Alberta, Canada|University of Manitoba, Winnipeg, Manitoba, Canada|Research Institute of the McGill University Heath Centre, Montréal, Quebec, Canada",https://ClinicalTrials.gov/show/NCT04308668
NCT04340557,Do Angiotensin Receptor Blockers Mitigate Progression to Acute Respiratory Distress Syndrome With SARS-CoV-2 Infection,Allocation: Randomized|Intervention Model: Parallel Assignment|Masking: None (Open Label)|Primary Purpose: Prevention,COVID-ARB|2003902,"Sharp Grossmont Hospital, La Mesa, California, United States|Sharp Chula Vista Medical Center, San Diego, California, United States|Sharp Memorial Hospital, San Diego, California, United States",https://ClinicalTrials.gov/show/NCT04340557
NCT04392219,"COVID-19 First In Human Study to Evaluate Safety, Tolerability, and Pharmacokinetics of EIDD-2801 in Healthy Volunteers","Allocation: Randomized|Intervention Model: Parallel Assignment|Masking: Double (Participant, Investigator)|Primary Purpose: Treatment",EIDD-2801-1001|2020-001407-17,"Covance Leeds Clinical Research Unit, Leeds, United Kingdom",https://ClinicalTrials.gov/show/NCT04392219
NCT04634903,"Testing Scalable, Single-Session Interventions for Adolescent Depression in the Context of COVID-19","Allocation: Randomized|Intervention Model: Parallel Assignment|Masking: Double (Participant, Investigator)|Primary Purpose: Treatment",1505797-3,"Stony Brook University, Stony Brook, New York, United States",https://ClinicalTrials.gov/show/NCT04634903
NCT04160975,Persuasion in Medicine: Experimental Evidence on Sender and Signal Effects,"Allocation: Randomized|Intervention Model: Parallel Assignment|Masking: Double (Participant, Care Provider)|Primary Purpose: Health Services Research",IRB19-1424,"Harvard University, Cambridge, Massachusetts, United States",https://ClinicalTrials.gov/show/NCT04160975
NCT04406194,"Bioequivalence Study of Favipiravir 200 mg Film Tablet (ATABAY, Turkey) Under Fasting Conditions",Allocation: Randomized|Intervention Model: Crossover Assignment|Masking: None (Open Label)|Primary Purpose: Other,NOV2020/1917,"Novagenix Drug R&D Center, Akyurt, Ankara, Turkey|Farmagen Ar-Ge Biyot. Ltd. Sti., Sahinbey, Gaziantep, Turkey",https://ClinicalTrials.gov/show/NCT04406194
NCT04400682,"Bioequivalence Study of Favipiravir 200 mg Film Tablet (Novelfarma, Turkey) Under Fasting Conditions",Allocation: Randomized|Intervention Model: Crossover Assignment|Masking: None (Open Label)|Primary Purpose: Other,NOV2020/1923|FARGE 367,"Novagenix Drug R&D Center, Akyurt, Ankara, Turkey|Farmagen Ar-Ge Biyot. Ltd. Sti., Sahinbey, Gaziantep, Turkey",https://ClinicalTrials.gov/show/NCT04400682
