enrollmentnumber,enrollment_id
-1,enrollment_0
0,enrollment_1
1,enrollment_2
2,enrollment_3
3,enrollment_4
4,enrollment_5
5,enrollment_6
6,enrollment_7
7,enrollment_8
8,enrollment_9
9,enrollment_10
10,enrollment_11
11,enrollment_12
12,enrollment_13
13,enrollment_14
14,enrollment_15
15,enrollment_16
16,enrollment_17
17,enrollment_18
18,enrollment_19
19,enrollment_20
20,enrollment_21
21,enrollment_22
22,enrollment_23
23,enrollment_24
24,enrollment_25
25,enrollment_26
26,enrollment_27
27,enrollment_28
28,enrollment_29
29,enrollment_30
30,enrollment_31
31,enrollment_32
32,enrollment_33
33,enrollment_34
34,enrollment_35
35,enrollment_36
36,enrollment_37
37,enrollment_38
38,enrollment_39
39,enrollment_40
40,enrollment_41
41,enrollment_42
42,enrollment_43
43,enrollment_44
44,enrollment_45
45,enrollment_46
46,enrollment_47
47,enrollment_48
48,enrollment_49
49,enrollment_50
50,enrollment_51
51,enrollment_52
52,enrollment_53
53,enrollment_54
54,enrollment_55
55,enrollment_56
56,enrollment_57
57,enrollment_58
58,enrollment_59
59,enrollment_60
60,enrollment_61
61,enrollment_62
62,enrollment_63
63,enrollment_64
64,enrollment_65
65,enrollment_66
66,enrollment_67
67,enrollment_68
68,enrollment_69
69,enrollment_70
70,enrollment_71
71,enrollment_72
72,enrollment_73
73,enrollment_74
74,enrollment_75
75,enrollment_76
76,enrollment_77
77,enrollment_78
78,enrollment_79
79,enrollment_80
80,enrollment_81
81,enrollment_82
82,enrollment_83
83,enrollment_84
84,enrollment_85
85,enrollment_86
86,enrollment_87
87,enrollment_88
88,enrollment_89
89,enrollment_90
90,enrollment_91
91,enrollment_92
92,enrollment_93
93,enrollment_94
94,enrollment_95
95,enrollment_96
96,enrollment_97
97,enrollment_98
98,enrollment_99
99,enrollment_100
100,enrollment_101
101,enrollment_102
102,enrollment_103
104,enrollment_105
105,enrollment_106
106,enrollment_107
107,enrollment_108
108,enrollment_109
109,enrollment_110
110,enrollment_111
111,enrollment_112
112,enrollment_113
113,enrollment_114
114,enrollment_115
115,enrollment_116
116,enrollment_117
117,enrollment_118
118,enrollment_119
120,enrollment_121
121,enrollment_122
122,enrollment_123
123,enrollment_124
124,enrollment_125
125,enrollment_126
126,enrollment_127
127,enrollment_128
128,enrollment_129
129,enrollment_130
130,enrollment_131
131,enrollment_132
132,enrollment_133
133,enrollment_134
134,enrollment_135
135,enrollment_136
136,enrollment_137
137,enrollment_138
138,enrollment_139
140,enrollment_141
142,enrollment_143
143,enrollment_144
144,enrollment_145
145,enrollment_146
146,enrollment_147
147,enrollment_148
148,enrollment_149
149,enrollment_150
150,enrollment_151
151,enrollment_152
152,enrollment_153
153,enrollment_154
155,enrollment_156
156,enrollment_157
158,enrollment_159
160,enrollment_161
161,enrollment_162
162,enrollment_163
163,enrollment_164
164,enrollment_165
165,enrollment_166
166,enrollment_167
167,enrollment_168
168,enrollment_169
169,enrollment_170
170,enrollment_171
172,enrollment_173
173,enrollment_174
174,enrollment_175
175,enrollment_176
176,enrollment_177
177,enrollment_178
178,enrollment_179
179,enrollment_180
180,enrollment_181
181,enrollment_182
182,enrollment_183
183,enrollment_184
184,enrollment_185
185,enrollment_186
186,enrollment_187
187,enrollment_188
188,enrollment_189
189,enrollment_190
190,enrollment_191
191,enrollment_192
192,enrollment_193
194,enrollment_195
195,enrollment_196
196,enrollment_197
197,enrollment_198
198,enrollment_199
199,enrollment_200
200,enrollment_201
200,enrollment_21201
200,enrollment_2201
201,enrollment_202
202,enrollment_203
203,enrollment_204
204,enrollment_205
205,enrollment_206
206,enrollment_207
207,enrollment_208
208,enrollment_209
209,enrollment_210
210,enrollment_211
211,enrollment_212
212,enrollment_213
213,enrollment_214
214,enrollment_215
215,enrollment_216
216,enrollment_217
217,enrollment_218
218,enrollment_219
219,enrollment_220
220,enrollment_221
221,enrollment_222
222,enrollment_223
223,enrollment_224
224,enrollment_225
225,enrollment_226
226,enrollment_227
227,enrollment_228
228,enrollment_229
229,enrollment_230
230,enrollment_231
231,enrollment_232
232,enrollment_233
233,enrollment_234
234,enrollment_235
235,enrollment_236
236,enrollment_237
237,enrollment_238
238,enrollment_239
239,enrollment_240
240,enrollment_241
241,enrollment_242
242,enrollment_243
243,enrollment_244
244,enrollment_245
245,enrollment_246
246,enrollment_247
247,enrollment_248
248,enrollment_249
250,enrollment_251
252,enrollment_253
254,enrollment_255
255,enrollment_256
256,enrollment_257
257,enrollment_258
258,enrollment_259
259,enrollment_260
260,enrollment_261
262,enrollment_263
263,enrollment_264
264,enrollment_265
265,enrollment_266
267,enrollment_268
268,enrollment_269
269,enrollment_270
270,enrollment_271
272,enrollment_273
274,enrollment_275
275,enrollment_276
276,enrollment_277
278,enrollment_279
279,enrollment_280
280,enrollment_281
282,enrollment_283
284,enrollment_285
285,enrollment_286
287,enrollment_288
290,enrollment_291
291,enrollment_292
292,enrollment_293
294,enrollment_295
295,enrollment_296
296,enrollment_297
298,enrollment_299
299,enrollment_300
300,enrollment_301
301,enrollment_302
302,enrollment_303
303,enrollment_304
304,enrollment_305
305,enrollment_306
306,enrollment_307
308,enrollment_309
309,enrollment_310
310,enrollment_311
312,enrollment_313
313,enrollment_314
314,enrollment_315
315,enrollment_316
318,enrollment_319
320,enrollment_321
323,enrollment_324
325,enrollment_326
326,enrollment_327
328,enrollment_329
329,enrollment_330
330,enrollment_331
332,enrollment_333
333,enrollment_334
334,enrollment_335
336,enrollment_337
338,enrollment_339
339,enrollment_340
340,enrollment_341
341,enrollment_342
342,enrollment_343
344,enrollment_345
345,enrollment_346
346,enrollment_347
347,enrollment_348
350,enrollment_351
353,enrollment_354
354,enrollment_355
355,enrollment_356
358,enrollment_359
360,enrollment_361
364,enrollment_365
366,enrollment_367
367,enrollment_368
368,enrollment_369
369,enrollment_370
370,enrollment_371
372,enrollment_373
374,enrollment_375
375,enrollment_376
376,enrollment_377
379,enrollment_380
380,enrollment_381
382,enrollment_383
383,enrollment_384
384,enrollment_385
385,enrollment_386
388,enrollment_389
389,enrollment_390
390,enrollment_391
392,enrollment_393
394,enrollment_395
395,enrollment_396
396,enrollment_397
397,enrollment_398
399,enrollment_400
400,enrollment_401
401,enrollment_402
402,enrollment_403
403,enrollment_404
404,enrollment_405
405,enrollment_406
410,enrollment_411
411,enrollment_412
412,enrollment_413
413,enrollment_414
414,enrollment_415
415,enrollment_416
416,enrollment_417
418,enrollment_419
420,enrollment_421
422,enrollment_423
425,enrollment_426
426,enrollment_427
430,enrollment_431
431,enrollment_432
432,enrollment_433
435,enrollment_436
436,enrollment_437
440,enrollment_441
441,enrollment_442
442,enrollment_443
443,enrollment_444
445,enrollment_446
446,enrollment_447
447,enrollment_448
450,enrollment_451
451,enrollment_452
452,enrollment_453
454,enrollment_455
456,enrollment_457
460,enrollment_461
461,enrollment_462
464,enrollment_465
465,enrollment_466
466,enrollment_467
467,enrollment_468
470,enrollment_471
471,enrollment_472
472,enrollment_473
474,enrollment_475
475,enrollment_476
476,enrollment_477
478,enrollment_479
479,enrollment_480
480,enrollment_481
481,enrollment_482
483,enrollment_484
484,enrollment_485
485,enrollment_486
489,enrollment_490
490,enrollment_491
495,enrollment_496
497,enrollment_498
498,enrollment_499
499,enrollment_500
500,enrollment_501
501,enrollment_502
502,enrollment_503
503,enrollment_504
504,enrollment_505
505,enrollment_506
506,enrollment_507
507,enrollment_508
508,enrollment_509
509,enrollment_510
511,enrollment_512
516,enrollment_517
517,enrollment_518
520,enrollment_521
524,enrollment_525
525,enrollment_526
526,enrollment_527
528,enrollment_529
529,enrollment_530
530,enrollment_531
531,enrollment_532
532,enrollment_533
533,enrollment_534
540,enrollment_541
543,enrollment_544
546,enrollment_547
549,enrollment_550
550,enrollment_551
552,enrollment_553
556,enrollment_557
558,enrollment_559
560,enrollment_561
562,enrollment_563
565,enrollment_566
569,enrollment_570
570,enrollment_571
572,enrollment_573
575,enrollment_576
576,enrollment_577
577,enrollment_578
580,enrollment_581
582,enrollment_583
585,enrollment_586
586,enrollment_587
588,enrollment_589
592,enrollment_593
593,enrollment_594
594,enrollment_595
596,enrollment_597
600,enrollment_601
602,enrollment_603
603,enrollment_604
605,enrollment_606
606,enrollment_607
609,enrollment_610
610,enrollment_611
612,enrollment_613
615,enrollment_616
616,enrollment_617
617,enrollment_618
618,enrollment_619
620,enrollment_621
624,enrollment_625
627,enrollment_628
629,enrollment_630
630,enrollment_631
632,enrollment_633
640,enrollment_641
644,enrollment_645
645,enrollment_646
648,enrollment_649
649,enrollment_650
650,enrollment_651
651,enrollment_652
657,enrollment_658
660,enrollment_661
661,enrollment_662
667,enrollment_668
668,enrollment_669
669,enrollment_670
670,enrollment_671
673,enrollment_674
674,enrollment_675
676,enrollment_677
680,enrollment_681
681,enrollment_682
686,enrollment_687
690,enrollment_691
693,enrollment_694
695,enrollment_696
696,enrollment_697
699,enrollment_700
700,enrollment_701
702,enrollment_703
703,enrollment_704
704,enrollment_705
706,enrollment_707
707,enrollment_708
710,enrollment_711
712,enrollment_713
713,enrollment_714
714,enrollment_715
720,enrollment_721
722,enrollment_723
723,enrollment_724
724,enrollment_725
727,enrollment_728
728,enrollment_729
730,enrollment_731
731,enrollment_732
733,enrollment_734
740,enrollment_741
742,enrollment_743
744,enrollment_745
746,enrollment_747
750,enrollment_751
752,enrollment_753
753,enrollment_754
755,enrollment_756
760,enrollment_761
763,enrollment_764
764,enrollment_765
767,enrollment_768
780,enrollment_781
785,enrollment_786
790,enrollment_791
791,enrollment_792
795,enrollment_796
798,enrollment_799
800,enrollment_801
801,enrollment_802
802,enrollment_803
804,enrollment_805
808,enrollment_809
809,enrollment_810
810,enrollment_811
814,enrollment_815
816,enrollment_817
820,enrollment_821
826,enrollment_827
827,enrollment_828
829,enrollment_830
840,enrollment_841
842,enrollment_843
845,enrollment_846
849,enrollment_850
850,enrollment_851
855,enrollment_856
860,enrollment_861
868,enrollment_869
873,enrollment_874
874,enrollment_875
876,enrollment_877
882,enrollment_883
885,enrollment_886
889,enrollment_890
892,enrollment_893
894,enrollment_895
895,enrollment_896
900,enrollment_901
901,enrollment_902
905,enrollment_906
908,enrollment_909
914,enrollment_915
918,enrollment_919
920,enrollment_921
921,enrollment_922
927,enrollment_928
940,enrollment_941
942,enrollment_943
948,enrollment_949
950,enrollment_951
954,enrollment_955
960,enrollment_961
966,enrollment_967
969,enrollment_970
970,enrollment_971
974,enrollment_975
980,enrollment_981
984,enrollment_985
986,enrollment_987
998,enrollment_999
999,enrollment_1000
1000,enrollment_1001
1002,enrollment_1003
1003,enrollment_1004
1005,enrollment_1006
1008,enrollment_1009
1010,enrollment_1011
1011,enrollment_1012
1012,enrollment_1013
1014,enrollment_1015
1017,enrollment_1018
1019,enrollment_1020
1020,enrollment_1021
1022,enrollment_1023
1024,enrollment_1025
1025,enrollment_1026
1033,enrollment_1034
1038,enrollment_1039
1040,enrollment_1041
1048,enrollment_1049
1050,enrollment_1051
1051,enrollment_1052
1055,enrollment_1056
1062,enrollment_1063
1064,enrollment_1065
1070,enrollment_1071
1080,enrollment_1081
1082,enrollment_1083
1084,enrollment_1085
1085,enrollment_1086
1090,enrollment_1091
1092,enrollment_1093
1094,enrollment_1095
1096,enrollment_1097
1100,enrollment_1101
1104,enrollment_1105
1107,enrollment_1108
1113,enrollment_1114
1116,enrollment_1117
1120,enrollment_1121
1121,enrollment_1122
1122,enrollment_1123
1124,enrollment_1125
1145,enrollment_1146
1146,enrollment_1147
1148,enrollment_1149
1150,enrollment_1151
1152,enrollment_1153
1155,enrollment_1156
1157,enrollment_1158
1160,enrollment_1161
1164,enrollment_1165
1167,enrollment_1168
1178,enrollment_1179
1180,enrollment_1181
1194,enrollment_1195
1197,enrollment_1198
1200,enrollment_1201
1210,enrollment_1211
1214,enrollment_1215
1220,enrollment_1221
1225,enrollment_1226
1227,enrollment_1228
1230,enrollment_1231
1231,enrollment_1232
1235,enrollment_1236
1240,enrollment_1241
1242,enrollment_1243
1250,enrollment_1251
1279,enrollment_1280
1280,enrollment_1281
1282,enrollment_1283
1287,enrollment_1288
1293,enrollment_1294
1300,enrollment_1301
1305,enrollment_1306
1312,enrollment_1313
1313,enrollment_1314
1315,enrollment_1316
1316,enrollment_1317
1320,enrollment_1321
1326,enrollment_1327
1328,enrollment_1329
1332,enrollment_1333
1336,enrollment_1337
1342,enrollment_1343
1344,enrollment_1345
1350,enrollment_1351
1360,enrollment_1361
1363,enrollment_1364
1370,enrollment_1371
1372,enrollment_1373
1374,enrollment_1375
1377,enrollment_1378
1378,enrollment_1379
1380,enrollment_1381
1386,enrollment_1387
1390,enrollment_1391
1400,enrollment_1401
1407,enrollment_1408
1419,enrollment_1420
1426,enrollment_1427
1433,enrollment_1434
1440,enrollment_1441
1444,enrollment_1445
1464,enrollment_1465
1466,enrollment_1467
1483,enrollment_1484
1491,enrollment_1492
1500,enrollment_1501
1504,enrollment_1505
1506,enrollment_1507
1509,enrollment_1510
1516,enrollment_1517
1517,enrollment_1518
1526,enrollment_1527
1530,enrollment_1531
1540,enrollment_1541
1546,enrollment_1547
1550,enrollment_1551
1556,enrollment_1557
1563,enrollment_1564
1565,enrollment_1566
1574,enrollment_1575
1576,enrollment_1577
1580,enrollment_1581
1585,enrollment_1586
1587,enrollment_1588
1589,enrollment_1590
1600,enrollment_1601
1620,enrollment_1621
1633,enrollment_1634
1640,enrollment_1641
1644,enrollment_1645
1647,enrollment_1648
1650,enrollment_1651
1668,enrollment_1669
1680,enrollment_1681
1684,enrollment_1685
1700,enrollment_1701
1706,enrollment_1707
1707,enrollment_1708
1765,enrollment_1766
1778,enrollment_1779
1784,enrollment_1785
1790,enrollment_1791
1800,enrollment_1801
1819,enrollment_1820
1826,enrollment_1827
1830,enrollment_1831
1850,enrollment_1851
1860,enrollment_1861
1900,enrollment_1901
1912,enrollment_1913
1920,enrollment_1921
1930,enrollment_1931
1950,enrollment_1951
1968,enrollment_1969
1971,enrollment_1972
1999,enrollment_2000
2000,enrollment_2001
2003,enrollment_2004
2006,enrollment_2007
2014,enrollment_2015
2016,enrollment_2017
2020,enrollment_2021
2038,enrollment_2039
2050,enrollment_2051
2067,enrollment_2068
2099,enrollment_2100
2100,enrollment_2101
2129,enrollment_2130
2130,enrollment_2131
2132,enrollment_2133
2147,enrollment_2148
2159,enrollment_2160
2160,enrollment_2161
2175,enrollment_2176
2193,enrollment_2194
2196,enrollment_2197
2200,enrollment_2201
2243,enrollment_2244
2250,enrollment_2251
2260,enrollment_2261
2271,enrollment_2272
2282,enrollment_2283
2300,enrollment_2301
2315,enrollment_2316
2352,enrollment_2353
2360,enrollment_2361
2380,enrollment_2381
2400,enrollment_2401
2414,enrollment_2415
2416,enrollment_2417
2430,enrollment_2431
2452,enrollment_2453
2465,enrollment_2466
2475,enrollment_2476
2486,enrollment_2487
2494,enrollment_2495
2495,enrollment_2496
2497,enrollment_2498
2500,enrollment_2501
2523,enrollment_2524
2530,enrollment_2531
2534,enrollment_2535
2574,enrollment_2575
2587,enrollment_2588
2600,enrollment_2601
2605,enrollment_2606
2630,enrollment_2631
2631,enrollment_2632
2700,enrollment_2701
2725,enrollment_2726
2750,enrollment_2751
2817,enrollment_2818
2878,enrollment_2879
2880,enrollment_2881
2900,enrollment_2901
2944,enrollment_2945
2959,enrollment_2960
3000,enrollment_3001
3006,enrollment_3007
3015,enrollment_3016
3036,enrollment_3037
3051,enrollment_3052
3060,enrollment_3061
3080,enrollment_3081
3100,enrollment_3101
3133,enrollment_3134
3170,enrollment_3171
3217,enrollment_3218
3242,enrollment_3243
3245,enrollment_3246
3301,enrollment_3302
3356,enrollment_3357
3400,enrollment_3401
3428,enrollment_3429
3500,enrollment_3501
3545,enrollment_3546
3580,enrollment_3581
3600,enrollment_3601
3602,enrollment_3603
3626,enrollment_3627
3645,enrollment_3646
3655,enrollment_3656
3700,enrollment_3701
3732,enrollment_3733
3750,enrollment_3751
3800,enrollment_3801
3840,enrollment_3841
3850,enrollment_3851
3852,enrollment_3853
3900,enrollment_3901
3920,enrollment_3921
4000,enrollment_4001
4004,enrollment_4005
4019,enrollment_4020
4035,enrollment_4036
4040,enrollment_4041
4099,enrollment_4100
4100,enrollment_4101
4200,enrollment_4201
4257,enrollment_4258
4311,enrollment_4312
4400,enrollment_4401
4500,enrollment_4501
4504,enrollment_4505
4506,enrollment_4507
4522,enrollment_4523
4697,enrollment_4698
4734,enrollment_4735
4789,enrollment_4790
4800,enrollment_4801
4870,enrollment_4871
4891,enrollment_4892
4975,enrollment_4976
4977,enrollment_4978
4995,enrollment_4996
5000,enrollment_5001
5041,enrollment_5042
5154,enrollment_5155
5198,enrollment_5199
5200,enrollment_5201
5307,enrollment_5308
5309,enrollment_5310
5320,enrollment_5321
5350,enrollment_5351
5400,enrollment_5401
5474,enrollment_5475
5500,enrollment_5501
5599,enrollment_5600
5800,enrollment_5801
5900,enrollment_5901
6000,enrollment_6001
6079,enrollment_6080
6200,enrollment_6201
6233,enrollment_6234
6250,enrollment_6251
6273,enrollment_6274
6332,enrollment_6333
6390,enrollment_6391
6400,enrollment_6401
6412,enrollment_6413
6420,enrollment_6421
6500,enrollment_6501
6550,enrollment_6551
6609,enrollment_6610
6678,enrollment_6679
6810,enrollment_6811
6846,enrollment_6847
6894,enrollment_6895
6900,enrollment_6901
6975,enrollment_6976
7000,enrollment_7001
7100,enrollment_7101
7200,enrollment_7201
7320,enrollment_7321
7500,enrollment_7501
7576,enrollment_7577
7770,enrollment_7771
7795,enrollment_7796
7911,enrollment_7912
8000,enrollment_8001
8168,enrollment_8169
8477,enrollment_8478
8500,enrollment_8501
8519,enrollment_8520
8825,enrollment_8826
9000,enrollment_9001
9207,enrollment_9208
9209,enrollment_9210
9218,enrollment_9219
9282,enrollment_9283
9453,enrollment_9454
9566,enrollment_9567
9600,enrollment_9601
9905,enrollment_9906
10000,enrollment_10001
10078,enrollment_10079
10084,enrollment_10085
10300,enrollment_10301
10500,enrollment_10501
10735,enrollment_10736
11000,enrollment_11001
11015,enrollment_11016
11120,enrollment_11121
11200,enrollment_11201
11363,enrollment_11364
11834,enrollment_11835
12000,enrollment_12001
12123,enrollment_12124
12390,enrollment_12391
12500,enrollment_12501
12688,enrollment_12689
12800,enrollment_12801
13000,enrollment_13001
13150,enrollment_13151
13770,enrollment_13771
14240,enrollment_14241
14267,enrollment_14268
14286,enrollment_14287
14300,enrollment_14301
15000,enrollment_15001
15200,enrollment_15201
15240,enrollment_15241
15393,enrollment_15394
16000,enrollment_16001
16250,enrollment_16251
16500,enrollment_16501
18000,enrollment_18001
18251,enrollment_18252
18901,enrollment_18902
19000,enrollment_19001
19491,enrollment_19492
20000,enrollment_20001
20460,enrollment_20461
20500,enrollment_20501
22000,enrollment_22001
22213,enrollment_22214
22784,enrollment_22785
22994,enrollment_22995
25000,enrollment_25001
25332,enrollment_25333
25800,enrollment_25801
26400,enrollment_26401
26754,enrollment_26755
27000,enrollment_27001
27711,enrollment_27712
28000,enrollment_28001
28948,enrollment_28949
29000,enrollment_29001
30000,enrollment_30001
30420,enrollment_30421
30918,enrollment_30919
31836,enrollment_31837
32400,enrollment_32401
32459,enrollment_32460
33000,enrollment_33001
33758,enrollment_33759
34000,enrollment_34001
34020,enrollment_34021
37430,enrollment_37431
37500,enrollment_37501
38292,enrollment_38293
39693,enrollment_39694
40000,enrollment_40001
40800,enrollment_40801
43998,enrollment_43999
44325,enrollment_44326
45000,enrollment_45001
48000,enrollment_48001
50000,enrollment_50001
51000,enrollment_51001
55000,enrollment_55001
56000,enrollment_56001
56656,enrollment_56657
57720,enrollment_57721
60000,enrollment_60001
60872,enrollment_60873
70000,enrollment_70001
70812,enrollment_70813
73661,enrollment_73662
76300,enrollment_76301
80000,enrollment_80001
100000,enrollment_100001
102456,enrollment_102457
104000,enrollment_104001
110000,enrollment_110001
120000,enrollment_120001
121000,enrollment_121001
128000,enrollment_128001
132069,enrollment_132070
144116,enrollment_144117
150000,enrollment_150001
166459,enrollment_166460
180000,enrollment_180001
200000,enrollment_200001
216000,enrollment_216001
230000,enrollment_230001
250000,enrollment_250001
300000,enrollment_300001
319600,enrollment_319601
400000,enrollment_400001
403535,enrollment_403536
450000,enrollment_450001
456517,enrollment_456518
500000,enrollment_500001
506517,enrollment_506518
1000000,enrollment_1000001
1200000,enrollment_1200001
1302508,enrollment_1302509
2000000,enrollment_2000001
3300000,enrollment_3300001
3827656,enrollment_3827657
6000000,enrollment_6000001
7000000,enrollment_7000001
7882471,enrollment_7882472
10000000,enrollment_10000001
12000000,enrollment_12000001
20000000,enrollment_20000001
50000000,enrollment_50000001
