nctid,funding_id
NCT04452435,fund_1
NCT04646109,fund_1
NCT04335136,fund_1
NCT04292899,fund_1
NCT04292730,fund_1
NCT04320615,fund_1
NCT04358081,fund_1
NCT04599959,fund_1
NCT04362137,fund_1
NCT04411667,fund_1
NCT04698993,fund_1
NCT04728802,fund_1
NCT04356937,fund_1
NCT04399980,fund_1
NCT04365153,fund_1
NCT04475588,fund_1
NCT04446429,fund_1
NCT04385238,fund_1
NCT04542226,fund_1
NCT04327388,fund_1
NCT04392219,fund_1
NCT04406194,fund_1
NCT04400682,fund_1
NCT04401579,fund_2
NCT04280705,fund_2
NCT04358068,fund_2
NCT04332991,fund_2
NCT04370834,fund_2
NCT04160975,fund_2
NCT04431908,fund_3
NCT04716426,fund_3
NCT04392141,fund_3
NCT04474496,fund_3
NCT04542694,fund_3
NCT04332081,fund_3
NCT04329923,fund_3
NCT04410159,fund_3
NCT04331366,fund_3
NCT04331899,fund_3
NCT04401202,fund_3
NCT04435808,fund_3
NCT04338074,fund_3
NCT04523831,fund_3
NCT04343092,fund_3
NCT04724538,fund_3
NCT04674644,fund_3
NCT04345653,fund_3
NCT04338009,fund_3
NCT04342663,fund_3
NCT04425850,fund_3
NCT04502056,fund_3
NCT04491994,fund_3
NCT04422561,fund_3
NCT04407507,fund_3
NCT04390022,fund_3
NCT04409886,fund_3
NCT04491240,fund_3
NCT04335552,fund_3
NCT04898166,fund_3
NCT04343261,fund_3
NCT04323592,fund_3
NCT04371419,fund_3
NCT04402970,fund_3
NCT04328467,fund_3
NCT04728594,fund_3
NCT04425863,fund_3
NCT04490239,fund_3
NCT04322396,fund_3
NCT04308668,fund_3
NCT04340557,fund_3
NCT04634903,fund_3
