completiondate,completiondate_id
13-Oct-20,completiondate_1
18-Nov-20,completiondate_2
25-Mar-21,completiondate_3
1-Nov-20,completiondate_4
30-Nov-20,completiondate_5
2-Sep-20,completiondate_6
20-Aug-20,completiondate_7
31-Jul-20,completiondate_8
21-May-20,completiondate_9
29-May-20,completiondate_10
13-Nov-20,completiondate_11
6-Jul-20,completiondate_12
26-Dec-20,completiondate_13
31-Aug-20,completiondate_14
6-May-21,completiondate_15
30-Jun-20,completiondate_16
26-Jun-20,completiondate_17
28-Jul-20,completiondate_18
31-Dec-20,completiondate_19
15-Jul-20,completiondate_20
21-Apr-21,completiondate_21
8-Jul-20,completiondate_22
27-Jul-20,completiondate_23
10-Sep-20,completiondate_24
20-Jan-21,completiondate_25
1-Jun-20,completiondate_26
17-Oct-20,completiondate_27
15-Mar-21,completiondate_28
23-Oct-20,completiondate_29
10-May-21,completiondate_30
12-Dec-20,completiondate_31
10-Aug-20,completiondate_32
23-Jun-20,completiondate_33
22-Mar-21,completiondate_34
6-Sep-20,completiondate_35
31-May-20,completiondate_36
15-Apr-21,completiondate_37
27-Aug-20,completiondate_38
29-Jan-21,completiondate_39
9-Oct-20,completiondate_40
31-Jan-21,completiondate_41
23-Apr-21,completiondate_42
1-Apr-21,completiondate_43
20-Oct-20,completiondate_44
31-Mar-21,completiondate_45
7-Jul-20,completiondate_46
13-Aug-20,completiondate_47
21-Jan-21,completiondate_48
23-Jul-20,completiondate_49
20-Jun-20,completiondate_50
14-Jan-21,completiondate_51
10-May-20,completiondate_52
26-May-20,completiondate_53
13-Jul-20,completiondate_54
30-Aug-20,completiondate_55
30-Oct-20,completiondate_56
2-Feb-21,completiondate_57
20-May-20,completiondate_58
13-Jun-20,completiondate_59
11-Aug-20,completiondate_60
19-Feb-21,completiondate_61
19-Jun-20,completiondate_62
18-Jun-20,completiondate_63
